﻿ID de caso,Fecha de diagnóstico,Ciudad de ubicación,Departamento o Distrito,Atención**,Edad,Sexo,Tipo*,País de procedencia
1,6/3/2020,Bogotá,Bogotá D.C.,Recuperado,19,F,Importado,Italia
2,9/3/2020,Buga,Valle del Cauca,Recuperado,34,M,Importado,España
3,9/3/2020,Medellín,Antioquia,Recuperado,50,F,Importado,España
4,11/3/2020,Medellín,Antioquia,Recuperado,55,M,Relacionado,Colombia
5,11/3/2020,Medellín,Antioquia,Recuperado,25,M,Relacionado,Colombia
6,11/3/2020,Itagüí,Antioquia,Casa,27,F,Relacionado,Colombia
7,11/3/2020,Cartagena,Cartagena D.T. y C,Recuperado,85,F,Importado,Estados Unidos
8,11/3/2020,Bogotá,Bogotá D.C.,Recuperado,22,F,Importado,España
9,11/3/2020,Bogotá,Bogotá D.C.,Recuperado,28,F,Importado,España - Italia
10,12/3/2020,Bogotá,Bogotá D.C.,Recuperado,36,F,Importado,España
11,12/3/2020,Bogotá,Bogotá D.C.,Casa,42,F,Importado,España
12,12/3/2020,Neiva,Huila,Casa,74,F,Importado,Italia
13,12/3/2020,Neiva,Huila,Casa,68,F,Relacionado,Colombia
14,13/03/2020,Palmira,Valle del Cauca,Recuperado,48,M,Importado,España
15,13/03/2020,Villavicencio,Meta,Recuperado,30,F,Importado,España
16,13/03/2020,Bogotá,Bogotá D.C.,Recuperado,61,F,Importado,Italia - Ucrania - España
17,14/03/2020,Bogotá,Bogotá D.C.,Casa,73,F,Importado,España
18,14/03/2020,Bogotá,Bogotá D.C.,Casa,54,M,Importado,España
19,14/03/2020,Bogotá,Bogotá D.C.,Recuperado,54,F,Relacionado,Colombia
20,14/03/2020,Medellín,Antioquia,Recuperado,26,F,Relacionado,Colombia
21,14/03/2020,Medellín,Antioquia,Casa,28,M,Relacionado,Colombia
22,14/03/2020,Rionegro,Antioquia,Casa,36,M,Importado,Estados Unidos
23,14/03/2020,Bogotá,Bogotá D.C.,Casa,23,M,Relacionado,Colombia
24,14/03/2020,Bogotá,Bogotá D.C.,Recuperado,18,F,Importado,España
25,15/03/2020,Cali,Valle del Cauca,Casa,49,M,Importado,España
26,15/03/2020,Cartagena,Cartagena D.T. y C,Casa,30,F,Relacionado,Colombia
27,15/03/2020,Cartagena,Cartagena D.T. y C,Casa,30,F,Relacionado,Colombia
28,15/03/2020,Dosquebradas,Risaralda,Casa,22,M,Importado,Estados Unidos
29,15/03/2020,Neiva,Huila,Recuperado,55,F,Relacionado,Colombia
30,15/03/2020,Cúcuta,Norte de Santander,Recuperado,48,F,Importado,España
31,15/03/2020,Manizales,Caldas,Recuperado,65,M,Importado,Estados Unidos
32,15/03/2020,Medellín,Antioquia,Recuperado,55,M,Importado,España - Croacia - Bosnia
33,15/03/2020,Bogotá,Bogotá D.C.,Hospital,59,M,Importado,España
34,15/03/2020,Bogotá,Bogotá D.C.,Recuperado,23,F,Importado,España
35,15/03/2020,Bogotá,Bogotá D.C.,Recuperado,54,M,Importado,España
36,15/03/2020,Bogotá,Bogotá D.C.,Casa,72,M,Importado,Estados Unidos
37,15/03/2020,Bogotá,Bogotá D.C.,Casa,45,F,Relacionado,Colombia
38,15/03/2020,Bogotá,Bogotá D.C.,Casa,29,M,Importado,España
39,15/03/2020,Bogotá,Bogotá D.C.,Recuperado,21,M,Importado,España
40,15/03/2020,Bogotá,Bogotá D.C.,Recuperado,23,F,Importado,España
41,15/03/2020,Neiva,Huila,Casa,79,M,Relacionado,Colombia
42,15/03/2020,Neiva,Huila,Recuperado,52,F,Relacionado,Colombia
43,15/03/2020,Neiva,Huila,Recuperado,71,M,Relacionado,Colombia
44,15/03/2020,Neiva,Huila,Recuperado,24,F,Relacionado,Colombia
45,15/03/2020,Subachoque,Cundinamarca,Casa,29,M,Importado,España
46,16/03/2020,Bogotá,Bogotá D.C.,Casa,44,F,Relacionado,Colombia
47,16/03/2020,Bogotá,Bogotá D.C.,Casa,38,M,Relacionado,Colombia
48,16/03/2020,Bogotá,Bogotá D.C.,Recuperado,31,M,Relacionado,Colombia
49,16/03/2020,Bogotá,Bogotá D.C.,Recuperado,41,F,Importado,España
50,16/03/2020,Bogotá,Bogotá D.C.,Recuperado,67,F,Importado,España
51,16/03/2020,Soacha,Cundinamarca,Casa,24,M,Importado,Ecuador
52,16/03/2020,Bogotá,Bogotá D.C.,Recuperado,29,M,Importado,España
53,16/03/2020,Bogotá,Bogotá D.C.,Recuperado,62,M,Importado,España
54,16/03/2020,Bogotá,Bogotá D.C.,Recuperado,42,F,Importado,España
55,16/03/2020,Bogotá,Bogotá D.C.,Recuperado,58,F,Relacionado,Colombia
56,16/03/2020,Bogotá,Bogotá D.C.,Casa,34,M,Importado,España
57,16/03/2020,Bogotá,Bogotá D.C.,Recuperado,37,M,Relacionado,Colombia
58,17/03/2020,Cartagena,Cartagena D.T. y C,Casa,27,M,Relacionado,Colombia
59,17/03/2020,Barranquilla,Barranquilla D.E.,Recuperado,20,M,Importado,España
60,17/03/2020,Bucaramanga,Santander,Casa,24,M,Importado,España
61,17/03/2020,Barranquilla,Barranquilla D.E.,Casa,21,M,Importado,España
62,17/03/2020,Cali,Valle del Cauca,Casa,32,M,Importado,Italia
63,17/03/2020,Cali,Valle del Cauca,Casa,26,F,Importado,Francia
64,17/03/2020,Bogotá,Bogotá D.C.,Casa,31,M,Importado,España
65,17/03/2020,Bogotá,Bogotá D.C.,Casa,64,M,Relacionado,Colombia
66,17/03/2020,Bogotá,Bogotá D.C.,Recuperado,40,F,Importado,España
67,17/03/2020,Bogotá,Bogotá D.C.,Casa,21,M,Importado,España
68,17/03/2020,Bogotá,Bogotá D.C.,Hospital UCI,72,M,Importado,España
69,17/03/2020,Bogotá,Bogotá D.C.,Casa,22,F,Importado,Estados Unidos
70,17/03/2020,Bogotá,Bogotá D.C.,Casa,37,F,Importado,Turquía - Grecia
71,17/03/2020,Cúcuta,Norte de Santander,Casa,54,M,Relacionado,Colombia
72,17/03/2020,Cúcuta,Norte de Santander,Casa,22,F,Relacionado,Colombia
73,17/03/2020,Cartagena,Cartagena D.T. y C,Casa,54,F,Relacionado,Colombia
74,17/03/2020,Bogotá,Bogotá D.C.,Casa,18,M,Relacionado,Colombia
75,17/03/2020,Bogotá,Bogotá D.C.,Casa,49,F,Relacionado,Colombia
76,18/03/2020,Armenia,Quindío,Recuperado,46,F,Importado,Italia
77,18/03/2020,Armenia,Quindío,Recuperado,18,M,Importado,España
78,18/03/2020,Palmira,Valle del Cauca,Casa,39,F,Relacionado,Colombia
79,18/03/2020,Palmira,Valle del Cauca,Recuperado,9,M,Relacionado,Colombia
80,18/03/2020,Palmira,Valle del Cauca,Recuperado,53,F,Relacionado,Colombia
81,18/03/2020,Cali,Valle del Cauca,Casa,49,F,Importado,Estados Unidos
82,18/03/2020,Cali,Valle del Cauca,Casa,54,M,Importado,España
83,18/03/2020,Cali,Valle del Cauca,Casa,56,M,Importado,Estados Unidos
84,18/03/2020,Cali,Valle del Cauca,Casa,51,M,Importado,Ecuador
85,18/03/2020,Cali,Valle del Cauca,Casa,42,F,Relacionado,Colombia
86,18/03/2020,Pereira,Risaralda,Casa,29,M,Importado,Francia
87,18/03/2020,Cajicá,Cundinamarca,Recuperado,45,M,Importado,España
88,18/03/2020,Ibagué,Tolima,Recuperado,36,M,Relacionado,Colombia
89,18/03/2020,Bucaramanga,Santander,Casa,39,F,Importado,España
90,18/03/2020,Neiva,Huila,Casa,53,F,Relacionado,Colombia
91,18/03/2020,Cajicá,Cundinamarca,Recuperado,32,M,Importado,España - Egipto
92,18/03/2020,Bogotá,Bogotá D.C.,Casa,50,M,Relacionado,Colombia
93,18/03/2020,Bogotá,Bogotá D.C.,Recuperado,26,F,Importado,España
94,18/03/2020,Bogotá,Bogotá D.C.,Casa,53,M,Importado,Estados Unidos
95,18/03/2020,Bogotá,Bogotá D.C.,Hospital UCI,69,M,Importado,Turquía
96,18/03/2020,Bogotá,Bogotá D.C.,Casa,37,F,Importado,Estados Unidos
97,18/03/2020,Cartagena,Cartagena D.T. y C,Casa,24,M,Importado,Estados Unidos
98,18/03/2020,Cartagena,Cartagena D.T. y C,Casa,21,M,Importado,España
99,18/03/2020,Ibagué,Tolima,Casa,16,M,Relacionado,Colombia
100,18/03/2020,Pereira,Risaralda,Casa,21,M,Importado,España
101,18/03/2020,Dosquebradas,Risaralda,Casa,18,M,Importado,España
102,18/03/2020,Pereira,Risaralda,Recuperado,79,M,Importado,España
103,19/03/2020,Cartagena,Cartagena D.T. y C,Casa,24,F,Importado,España
104,19/03/2020,Barranquilla,Barranquilla D.E.,Recuperado,48,F,Importado,España
105,19/03/2020,Palmira,Valle del Cauca,Casa,23,F,Importado,España
106,19/03/2020,Medellín,Antioquia,Casa,44,M,Importado,España
107,19/03/2020,Medellín,Antioquia,Casa,56,M,Importado,España
108,19/03/2020,Medellín,Antioquia,Casa,57,F,Importado,España
109,19/03/2020,Bogotá,Bogotá D.C.,Casa,54,M,Importado,España
110,19/03/2020,Bogotá,Bogotá D.C.,Casa,62,F,Importado,Estados Unidos
111,19/03/2020,Bogotá,Bogotá D.C.,Casa,60,M,Relacionado,Colombia
112,19/03/2020,Bogotá,Bogotá D.C.,Casa,30,M,Importado,España
113,19/03/2020,Bogotá,Bogotá D.C.,Casa,33,M,Importado,Italia - España - Turquía
114,19/03/2020,Bogotá,Bogotá D.C.,Casa,49,M,Importado,Estados Unidos
115,19/03/2020,Bogotá,Bogotá D.C.,Casa,29,M,Importado,Ecuador
116,19/03/2020,Bogotá,Bogotá D.C.,Casa,40,F,Relacionado,Colombia
117,19/03/2020,Cúcuta,Norte de Santander,Casa,28,M,Importado,España
118,19/03/2020,Cúcuta,Norte de Santander,Recuperado,50,M,Relacionado,Colombia
119,19/03/2020,Cúcuta,Norte de Santander,Casa,24,M,Relacionado,Colombia
120,19/03/2020,Armenia,Quindío,Recuperado,23,F,Relacionado,Colombia
121,19/03/2020,Popayán,Cauca,Casa,61,M,Importado,España
122,19/03/2020,Popayán,Cauca,Casa,32,F,Importado,España
123,19/03/2020,Viterbo,Caldas,Recuperado,38,F,Importado,España
124,19/03/2020,Neiva,Huila,Casa,76,F,Relacionado,Colombia
125,19/03/2020,Cartagena,Cartagena D.T. y C,Casa,47,M,Importado,España
126,19/03/2020,Barranquilla,Barranquilla D.E.,Recuperado,52,F,Importado,Estados Unidos
127,19/03/2020,Barranquilla,Barranquilla D.E.,Casa,30,F,Relacionado,Colombia
128,19/03/2020,Soacha,Cundinamarca,Casa,58,M,Relacionado,Colombia
129,20/03/2020,Pereira,Risaralda,Casa,26,F,Importado,España
130,20/03/2020,Anapoima,Cundinamarca,Casa,53,M,Importado,Estados Unidos
131,20/03/2020,Medellín,Antioquia,Casa,22,F,Importado,España - Italia
132,20/03/2020,Cali,Valle del Cauca,Casa,33,M,Relacionado,Colombia
133,20/03/2020,Rionegro,Antioquia,Hospital UCI,51,M,Relacionado,Colombia
134,20/03/2020,Medellín,Antioquia,Casa,28,M,Relacionado,Colombia
135,20/03/2020,Medellín,Antioquia,Casa,44,F,Importado,Alemania
136,20/03/2020,Medellín,Antioquia,Casa,37,M,Relacionado,Colombia
137,20/03/2020,Medellín,Antioquia,Casa,54,M,Importado,España - Croacia
138,20/03/2020,Bogotá,Bogotá D.C.,Casa,54,M,Importado,Ecuador
139,20/03/2020,Bogotá,Bogotá D.C.,Casa,30,M,Importado,España - India
140,20/03/2020,Bogotá,Bogotá D.C.,Casa,34,M,Importado,Brasil
141,20/03/2020,Medellín,Antioquia,Recuperado,62,F,Importado,Croacia
142,20/03/2020,Medellín,Antioquia,Casa,35,F,Importado,Italia - Jamaica - Panamá
143,20/03/2020,Envigado,Antioquia,Casa,46,M,Importado,España - Italia
144,20/03/2020,Medellín,Antioquia,Casa,41,M,Importado,Panamá
145,20/03/2020,Medellín,Antioquia,Casa,18,F,Relacionado,Colombia
146,20/03/2020,Bogotá,Bogotá D.C.,Casa,31,F,Relacionado,Colombia
147,20/03/2020,Bogotá,Bogotá D.C.,Casa,25,F,Relacionado,Colombia
148,20/03/2020,Bogotá,Bogotá D.C.,Casa,32,M,Relacionado,Colombia
149,20/03/2020,Bogotá,Bogotá D.C.,Casa,37,M,Importado,Alemania - Estambul
150,20/03/2020,Bogotá,Bogotá D.C.,Casa,29,F,Importado,Italia - España - Turquía
151,20/03/2020,Bogotá,Bogotá D.C.,Casa,47,M,Importado,Ecuador
152,20/03/2020,Bogotá,Bogotá D.C.,Hospital UCI,65,M,Importado,Estados Unidos
153,20/03/2020,Bogotá,Bogotá D.C.,Hospital UCI,53,F,Relacionado,Colombia
154,20/03/2020,Bogotá,Bogotá D.C.,Casa,40,M,Importado,Jamaica - Panamá - Isla Caimán
155,20/03/2020,Santa Marta,Santa Marta D.T. y C.,Casa,20,M,Importado,España
156,20/03/2020,Chía,Cundinamarca,Recuperado,28,F,Importado,España
157,20/03/2020,Santa Marta,Santa Marta D.T. y C.,Fallecido,88,M,Relacionado,Colombia
158,20/03/2020,Madrid,Cundinamarca,Casa,32,M,Relacionado,Colombia
159,20/03/2020,Bogotá,Bogotá D.C.,Casa,34,M,Importado,Estados Unidos
160,20/03/2020,Bogotá,Bogotá D.C.,Casa,42,F,Importado,Estados Unidos
161,20/03/2020,Bogotá,Bogotá D.C.,Casa,22,F,Importado,Estados Unidos
162,20/03/2020,Bogotá,Bogotá D.C.,Casa,25,M,Importado,Estados Unidos
163,20/03/2020,Bogotá,Bogotá D.C.,Hospital UCI,28,M,Relacionado,Colombia
164,20/03/2020,Bogotá,Bogotá D.C.,Casa,67,F,Importado,España
165,20/03/2020,Bogotá,Bogotá D.C.,Casa,32,F,Relacionado,Colombia
166,20/03/2020,Bogotá,Bogotá D.C.,Casa,45,F,Relacionado,Colombia
167,20/03/2020,Bogotá,Bogotá D.C.,Casa,46,F,Relacionado,Colombia
168,20/03/2020,Bogotá,Bogotá D.C.,Hospital,25,F,Importado,España
169,20/03/2020,Bogotá,Bogotá D.C.,Casa,42,F,Relacionado,Colombia
170,20/03/2020,Bogotá,Bogotá D.C.,Casa,45,F,Importado,Grecia
171,20/03/2020,Bogotá,Bogotá D.C.,Casa,21,F,Relacionado,Colombia
172,20/03/2020,Bogotá,Bogotá D.C.,Casa,27,M,Relacionado,Colombia
173,20/03/2020,Bogotá,Bogotá D.C.,Casa,65,F,Importado,México
174,20/03/2020,Bogotá,Bogotá D.C.,Casa,70,M,Importado,México
175,20/03/2020,Bogotá,Bogotá D.C.,Casa,23,F,Importado,España
176,21/03/2020,Ibagué,Tolima,Hospital,26,F,Importado,Estados Unidos
177,21/03/2020,Cartagena,Cartagena D.T. y C,Casa,28,M,Relacionado,Colombia
178,21/03/2020,Cartagena,Cartagena D.T. y C,Casa,28,M,Importado,Estados Unidos
179,21/03/2020,Cartagena,Cartagena D.T. y C,Casa,44,F,Relacionado,Colombia
180,21/03/2020,Villa del Rosario,Norte de Santander,Casa,23,M,Importado,España
181,21/03/2020,Manizales,Caldas,Casa,22,F,Importado,Estados Unidos
182,21/03/2020,Cúcuta,Norte de Santander,Casa,44,F,Relacionado,Colombia
183,21/03/2020,Cali,Valle del Cauca,Casa,48,F,Importado,Ecuador
184,21/03/2020,Pereira,Risaralda,Hospital UCI,41,F,Importado,Estados Unidos
185,21/03/2020,Palmira,Valle del Cauca,Casa,58,F,Relacionado,Colombia
186,21/03/2020,Palmira,Valle del Cauca,Casa,50,F,Importado,España
187,21/03/2020,Cali,Valle del Cauca,Hospital UCI,74,M,Relacionado,Colombia
188,21/03/2020,Cali,Valle del Cauca,Fallecido,70,F,Relacionado,Colombia
189,21/03/2020,Cali,Valle del Cauca,Casa,81,F,Importado,Estados Unidos
190,21/03/2020,Cali,Valle del Cauca,Casa,28,M,Importado,España
191,21/03/2020,Palmira,Valle del Cauca,Casa,17,M,Importado,Estados Unidos
192,21/03/2020,Cali,Valle del Cauca,Casa,30,F,Relacionado,Colombia
193,21/03/2020,Cali,Valle del Cauca,Casa,53,F,Importado,Italia
194,21/03/2020,Palmira,Valle del Cauca,Casa,63,F,Importado,España
195,21/03/2020,Pereira,Risaralda,Casa,65,F,Importado,Estados Unidos
196,21/03/2020,Neiva,Huila,Casa,50,F,Importado,España
197,21/03/2020,Cartagena,Cartagena D.T. y C,Fallecido,58,M,Relacionado,Colombia
198,21/03/2020,Medellín,Antioquia,Casa,39,M,Importado,España
199,21/03/2020,Guarne,Antioquia,Casa,28,M,Importado,Estados Unidos
200,21/03/2020,Cartagena,Cartagena D.T. y C,Hospital,53,F,Relacionado,Colombia
201,21/03/2020,Chía,Cundinamarca,Casa,50,F,Importado,España
202,21/03/2020,Bello,Antioquia,Recuperado,26,M,Importado,España
203,21/03/2020,Barranquilla,Barranquilla D.E.,Casa,24,F,Importado,Estados Unidos
204,21/03/2020,Barranquilla,Barranquilla D.E.,Recuperado,35,M,Importado,Estados Unidos
205,21/03/2020,Bogotá,Bogotá D.C.,Casa,28,M,Relacionado,Colombia
206,21/03/2020,Bogotá,Bogotá D.C.,Casa,60,F,Importado,España
207,21/03/2020,Bogotá,Bogotá D.C.,Hospital UCI,41,M,Importado,Guatemala
208,21/03/2020,Bogotá,Bogotá D.C.,Casa,62,M,Importado,España
209,21/03/2020,Bogotá,Bogotá D.C.,Casa,68,F,Importado,Londres
210,21/03/2020,Bogotá,Bogotá D.C.,Casa,55,M,Importado,Turquía
211,22/03/2020,Calarcá,Quindío,Casa,25,M,Importado,España
212,22/03/2020,Armenia,Quindío,Casa,58,F,Relacionado,Colombia
213,22/03/2020,Valledupar,Cesar,Recuperado,30,M,Importado,España
214,22/03/2020,Dosquebradas,Risaralda,Casa,56,F,Relacionado,Colombia
215,22/03/2020,Dosquebradas,Risaralda,Casa,57,F,Importado,Grecia
216,22/03/2020,Dosquebradas,Risaralda,Hospital UCI,45,M,Importado,España
217,22/03/2020,Pereira,Risaralda,Casa,33,M,Importado,Madrid
218,22/03/2020,La Dorada,Caldas,Casa,24,F,Relacionado,Colombia
219,22/03/2020,Chinchiná,Caldas,Casa,51,M,Importado,España
220,22/03/2020,Chinchiná,Caldas,Casa,47,F,Relacionado,Colombia
221,22/03/2020,BUCARAMANGA,Santander,Casa,49,F,Importado,República Dominicana
222,22/03/2020,San Andrés,San Andrés,Casa,36,M,Relacionado,Colombia
223,22/03/2020,Pereira,Risaralda,Casa,73,F,Importado,Estados Unidos
224,22/03/2020,Ibagué,Tolima,Casa,19,M,Relacionado,Colombia
225,22/03/2020,Cali,Valle del Cauca,Casa,22,M,Relacionado,Colombia
226,22/03/2020,Yumbo,Valle del Cauca,Casa,41,F,Relacionado,Colombia
227,22/03/2020,Cali,Valle del Cauca,Casa,28,M,Importado,Estados Unidos
228,22/03/2020,Cali,Valle del Cauca,Casa,26,M,Importado,España
229,22/03/2020,Yopal,Casanare,Casa,36,F,Relacionado,Colombia
230,22/03/2020,Armenia,Quindío,Casa,38,F,Relacionado,Colombia
231,22/03/2020,Cali,Valle del Cauca,Casa,46,F,Relacionado,Colombia
232,22/03/2020,Bogotá,Bogotá D.C.,Fallecido,59,F,Relacionado,Colombia
233,22/03/2020,Bogotá,Bogotá D.C.,Casa,64,M,Relacionado,Colombia
234,22/03/2020,Bogotá,Bogotá D.C.,Casa,41,M,Relacionado,Colombia
235,22/03/2020,Bogotá,Bogotá D.C.,Hospital,47,M,Importado,España
236,22/03/2020,Guatapé,Antioquia,Casa,52,M,Relacionado,Colombia
237,22/03/2020,Medellín,Antioquia,Casa,32,M,Importado,España
238,22/03/2020,Medellín,Antioquia,Casa,61,F,Importado,España
239,22/03/2020,Bello,Antioquia,Casa,41,M,Importado,España
240,22/03/2020,Medellín,Antioquia,Hospital UCI,41,M,Importado,España
241,23/03/2020,Bogotá,Bogotá D.C.,Casa,58,F,Relacionado,Colombia
242,23/03/2020,Bogotá,Bogotá D.C.,Casa,49,M,Importado,Estados Unidos
243,23/03/2020,Bogotá,Bogotá D.C.,Casa,40,M,Importado,España
244,23/03/2020,Bogotá,Bogotá D.C.,Casa,52,M,Importado,Panamá
245,23/03/2020,Bogotá,Bogotá D.C.,Casa,72,F,Importado,Turquía - Grecia
246,23/03/2020,Bogotá,Bogotá D.C.,Hospital,28,M,Relacionado,Colombia
247,23/03/2020,Bogotá,Bogotá D.C.,Casa,26,M,Relacionado,Colombia
248,23/03/2020,Bogotá,Bogotá D.C.,Casa,30,F,Importado,República Dominicana
249,23/03/2020,Bogotá,Bogotá D.C.,Casa,38,F,Importado,España
250,23/03/2020,Bogotá,Bogotá D.C.,Fallecido,76,M,En estudio,Colombia
251,23/03/2020,Bogotá,Bogotá D.C.,Casa,55,M,Importado,Estados Unidos
252,23/03/2020,Bogotá,Bogotá D.C.,Casa,32,F,Relacionado,Colombia
253,23/03/2020,Bogotá,Bogotá D.C.,Casa,34,F,Relacionado,Colombia
254,23/03/2020,Bogotá,Bogotá D.C.,Casa,45,F,Importado,España
255,23/03/2020,Bogotá,Bogotá D.C.,Casa,19,F,Importado,Estados Unidos
256,23/03/2020,Bogotá,Bogotá D.C.,Casa,57,F,Importado,Turquía
257,23/03/2020,Bogotá,Bogotá D.C.,Hospital,80,M,Relacionado,Colombia
258,23/03/2020,Bogotá,Bogotá D.C.,Casa,26,M,Importado,Turquía
259,23/03/2020,Bogotá,Bogotá D.C.,Casa,35,M,Importado,España
260,23/03/2020,Bogotá,Bogotá D.C.,Hospital,41,M,Importado,Inglaterra
261,23/03/2020,Bogotá,Bogotá D.C.,Hospital UCI,61,M,Relacionado,Colombia
262,23/03/2020,Bogotá,Bogotá D.C.,Casa,39,M,Importado,Isla Martin - Caribe
263,23/03/2020,Medellín,Antioquia,Casa,59,M,Importado,España
264,23/03/2020,Envigado,Antioquia,Casa,39,F,Importado,España
265,23/03/2020,Cajicá,Cundinamarca,Casa,54,M,Importado,Ecuador
266,23/03/2020,Cartagena,Cartagena D.T. y C,Hospital,84,F,Relacionado,Colombia
267,23/03/2020,Medellín,Antioquia,Casa,21,M,Importado,Estados Unidos
268,23/03/2020,Medellín,Antioquia,Casa,37,F,Importado,España
269,23/03/2020,Chía,Cundinamarca,Hospital,56,M,Relacionado,Colombia
270,23/03/2020,Cartagena,Cartagena D.T. y C,Casa,58,F,Relacionado,Colombia
271,23/03/2020,Medellín,Antioquia,Casa,21,F,Importado,España
272,23/03/2020,Medellín,Antioquia,Casa,47,F,Importado,España
273,23/03/2020,Medellín,Antioquia,Hospital,87,M,Importado,Panamá
274,23/03/2020,Medellín,Antioquia,Casa,30,M,Importado,Estados Unidos
275,23/03/2020,Barbosa,Antioquia,Casa,21,F,Importado,España
276,23/03/2020,Cota,Cundinamarca,Casa,52,M,Importado,Puerto Rico
277,23/03/2020,Sabaneta,Antioquia,Casa,36,F,Importado,Estados Unidos
278,23/03/2020,Armenia,Quindío,Hospital UCI,64,M,Importado,España
279,23/03/2020,Villamaría,Caldas,Casa,29,M,Importado,Ecuador
280,23/03/2020,Palmira,Valle del Cauca,Casa,63,F,Importado,España
281,23/03/2020,Trujillo,Valle del Cauca,Casa,51,M,Importado,España
282,23/03/2020,Cali,Valle del Cauca,Hospital UCI,40,M,Importado,Estados Unidos
283,23/03/2020,Cali,Valle del Cauca,Casa,56,M,Relacionado,Colombia
284,23/03/2020,Cali,Valle del Cauca,Casa,65,F,Importado,España
285,23/03/2020,Palmira,Valle del Cauca,Casa,42,F,Relacionado,Colombia
286,23/03/2020,Neiva,Huila,Hospital,83,F,Relacionado,Colombia
287,23/03/2020,Soacha,Cundinamarca,Casa,25,M,En estudio,Colombia
288,23/03/2020,Pacho,Cundinamarca,Casa,29,M,Importado,España
289,23/03/2020,Dosquebradas,Risaralda,Casa,49,F,Relacionado,Colombia
290,23/03/2020,Santa Marta,Santa Marta D.T. y C.,Hospital,63,F,Relacionado,Colombia
291,23/03/2020,El Retiro,Antioquia,Casa,23,F,Importado,España
292,23/03/2020,Medellín,Antioquia,Casa,43,F,Importado,Estados Unidos
293,23/03/2020,Medellín,Antioquia,Casa,30,F,Importado,Ecuador
294,23/03/2020,Medellín,Antioquia,Casa,30,F,Importado,Estados Unidos
295,23/03/2020,Medellín,Antioquia,Casa,42,M,Relacionado,Colombia
296,23/03/2020,Medellín,Antioquia,Casa,25,F,Importado,Estados Unidos
297,23/03/2020,Envigado,Antioquia,Casa,20,M,Importado,Londres
298,23/03/2020,Villavicencio,Meta,Casa,58,M,Importado,Ecuador
299,23/03/2020,Villavicencio,Meta,Casa,60,F,Importado,Ecuador
300,23/03/2020,Medellín,Antioquia,Casa,29,F,Importado,Turquía
301,23/03/2020,Apartado,Antioquia,Casa,29,F,Importado,Turquía
302,23/03/2020,Villavicencio,Meta,Casa,33,F,Importado,Estados Unidos
303,23/03/2020,Itagüí,Antioquia,Hospital UCI,74,F,Importado,Estados Unidos
304,23/03/2020,Bello,Antioquia,Casa,30,M,Importado,Estados Unidos
305,23/03/2020,Villavicencio,Meta,Casa,29,M,Importado,Ecuador
306,23/03/2020,Rionegro,Antioquia,Casa,29,M,Importado,Brasil
307,24/03/2020,Bogotá,Bogotá D.C.,Casa,31,M,Importado,Chile
308,24/03/2020,Bogotá,Bogotá D.C.,Casa,21,F,En estudio,Colombia
309,24/03/2020,Bogotá,Bogotá D.C.,Hospital,59,M,Importado,Estados Unidos
310,24/03/2020,Bogotá,Bogotá D.C.,Casa,28,F,Importado,Estados Unidos
311,24/03/2020,Bogotá,Bogotá D.C.,Casa,40,F,En estudio,Colombia
312,24/03/2020,Bogotá,Bogotá D.C.,Casa,18,F,En estudio,Colombia
313,24/03/2020,Bogotá,Bogotá D.C.,Casa,48,F,En estudio,Colombia
314,24/03/2020,Ipiales,Nariño,Casa,62,M,Importado,Ecuador
315,24/03/2020,Cúcuta,Norte de Santander,Casa,49,M,Importado,Canadá
316,24/03/2020,Cúcuta,Norte de Santander,Casa,18,M,Importado,Estados Unidos
317,24/03/2020,Mosquera,Cundinamarca,Casa,37,M,Relacionado,Colombia
318,24/03/2020,Cúcuta,Norte de Santander,Casa,78,M,Relacionado,Colombia
319,24/03/2020,Ibagué,Tolima,Casa,62,F,Importado,España
320,24/03/2020,Ibagué,Tolima,Casa,56,M,Importado,España
321,24/03/2020,Ibagué,Tolima,Casa,23,F,Importado,Estados Unidos
322,24/03/2020,Ibagué,Tolima,Casa,55,F,Importado,España
323,24/03/2020,Viterbo,Caldas,Casa,15,F,Relacionado,Colombia
324,24/03/2020,Barranquilla,Barranquilla D.E.,Casa,57,M,Importado,Panamá
325,24/03/2020,Barranquilla,Barranquilla D.E.,Casa,19,F,Importado,España
326,24/03/2020,Pereira,Risaralda,Fallecido,61,M,Relacionado,Colombia
327,24/03/2020,Pereira,Risaralda,Casa,32,F,Relacionado,Colombia
328,24/03/2020,Valledupar,Cesar,Casa,33,M,Relacionado,Colombia
329,24/03/2020,Cartagena,Cartagena D.T. y C,Casa,51,F,Importado,España
330,24/03/2020,Cartagena,Cartagena D.T. y C,Casa,42,M,Importado,Brasil
331,24/03/2020,Cali,Valle del Cauca,Casa,37,M,Importado,Costa Rica
332,24/03/2020,Cali,Valle del Cauca,Hospital UCI,38,F,Importado,España
333,24/03/2020,Pereira,Risaralda,Casa,79,M,Importado,España
334,24/03/2020,Cali,Valle del Cauca,Casa,23,M,Relacionado,Colombia
335,24/03/2020,Cali,Valle del Cauca,Hospital UCI,59,M,Relacionado,Colombia
336,24/03/2020,Cartagena,Cartagena D.T. y C,Casa,24,M,Relacionado,Colombia
337,24/03/2020,Cali,Valle del Cauca,Casa,22,M,Relacionado,Colombia
338,24/03/2020,La Unión,Valle del Cauca,Casa,56,F,Importado,Londres
339,24/03/2020,Cartago,Valle del Cauca,Casa,34,F,Importado,España
340,24/03/2020,Cartagena,Cartagena D.T. y C,Casa,36,M,Relacionado,Colombia
341,24/03/2020,Neiva,Huila,Casa,68,M,Relacionado,Colombia
342,24/03/2020,Cali,Valle del Cauca,Casa,47,F,Relacionado,Colombia
343,24/03/2020,Cali,Valle del Cauca,Casa,26,F,Importado,Estados Unidos
344,24/03/2020,Cali,Valle del Cauca,Casa,56,M,Relacionado,Colombia
345,24/03/2020,Cali,Valle del Cauca,Casa,53,F,Relacionado,Colombia
346,24/03/2020,Cali,Valle del Cauca,Casa,87,M,Relacionado,Colombia
347,24/03/2020,Villavicencio,Meta,Casa,43,F,Importado,España
348,24/03/2020,Cali,Valle del Cauca,Casa,36,F,Relacionado,Colombia
349,24/03/2020,Cali,Valle del Cauca,Casa,33,F,Relacionado,Colombia
350,24/03/2020,Fusagasugá,Cundinamarca,Casa,54,M,Importado,Turquía
351,24/03/2020,La Calera,Cundinamarca,Hospital,58,M,Relacionado,Colombia
352,24/03/2020,Villeta,Cundinamarca,Casa,33,M,Importado,España
353,24/03/2020,Palermo,Huila,Casa,41,M,Importado,Ecuador
354,24/03/2020,San Pedro,Valle del Cauca,Casa,29,F,Relacionado,Colombia
355,24/03/2020,Villeta,Cundinamarca,Casa,44,F,Importado,España
356,24/03/2020,Anapoima,Cundinamarca,Casa,32,M,Importado,España
357,24/03/2020,Cali,Valle del Cauca,Casa,42,M,Relacionado,Colombia
358,24/03/2020,Cali,Valle del Cauca,Casa,58,F,Importado,España
359,24/03/2020,Neiva,Huila,Casa,42,F,Relacionado,Colombia
360,24/03/2020,Cali,Valle del Cauca,Casa,33,M,Relacionado,Colombia
361,24/03/2020,Villavicencio,Meta,Casa,80,F,Importado,Estados Unidos
362,24/03/2020,Cali,Valle del Cauca,Casa,46,M,Importado,Ecuador
363,24/03/2020,Cali,Valle del Cauca,Casa,23,M,Importado,España
364,24/03/2020,Cali,Valle del Cauca,Casa,21,F,Relacionado,Colombia
365,24/03/2020,Cali,Valle del Cauca,Casa,64,M,Importado,España
366,24/03/2020,Cali,Valle del Cauca,Casa,34,M,Relacionado,Colombia
367,24/03/2020,Cali,Valle del Cauca,Casa,28,F,Relacionado,Colombia
368,24/03/2020,Armenia,Quindío,Casa,34,F,Importado,España
369,24/03/2020,Darién,Valle del Cauca,Casa,41,M,Importado,España
370,24/03/2020,Funza,Cundinamarca,Casa,61,F,Relacionado,Colombia
371,24/03/2020,Santa Marta,Santa Marta D.T. y C.,Casa,83,F,Relacionado,Colombia
372,24/03/2020,Manizales,Caldas,Casa,70,M,Importado,Estados Unidos
373,24/03/2020,Cartagena,Cartagena D.T. y C,Casa,39,M,Importado,Estados Unidos
374,24/03/2020,Cali,Valle del Cauca,Hospital UCI,29,M,Relacionado,Colombia
375,24/03/2020,Cali,Valle del Cauca,Casa,28,M,Relacionado,Colombia
376,24/03/2020,Popayán,Cauca,Casa,48,F,Relacionado,Colombia
377,24/03/2020,Tuluá,Valle del Cauca,Casa,52,M,Importado,Ecuador
378,24/03/2020,Tuluá,Valle del Cauca,Casa,45,M,Importado,Estados Unidos
379,24/03/2020,Bogotá,Bogotá D.C.,Casa,23,F,Relacionado,Colombia
380,24/03/2020,Bogotá,Bogotá D.C.,Casa,34,F,Relacionado,Colombia
381,24/03/2020,Bogotá,Bogotá D.C.,Casa,48,F,Importado,España
382,24/03/2020,Bogotá,Bogotá D.C.,Casa,58,F,Importado,Puerto Rico
383,24/03/2020,Bogotá,Bogotá D.C.,Casa,61,M,Importado,Puerto Rico
384,24/03/2020,Bogotá,Bogotá D.C.,Casa,63,M,Relacionado,Colombia
385,24/03/2020,Bogotá,Bogotá D.C.,Hospital,51,M,Importado,México
386,24/03/2020,Bogotá,Bogotá D.C.,Casa,59,M,Importado,Venezuela
387,24/03/2020,Bogotá,Bogotá D.C.,Hospital UCI,43,F,En estudio,Colombia
388,24/03/2020,Bogotá,Bogotá D.C.,Casa,29,M,Importado,Estados Unidos
389,24/03/2020,Bogotá,Bogotá D.C.,Fallecido,73,M,Relacionado,Colombia
390,24/03/2020,Bogotá,Bogotá D.C.,Casa,74,F,Relacionado,Colombia
391,24/03/2020,Bogotá,Bogotá D.C.,Casa,48,M,Relacionado,Colombia
392,24/03/2020,Bogotá,Bogotá D.C.,Casa,45,F,Importado,España
393,24/03/2020,Bogotá,Bogotá D.C.,Casa,34,M,Importado,México
394,24/03/2020,Bogotá,Bogotá D.C.,Hospital,66,M,Importado,Estados Unidos
395,24/03/2020,Bogotá,Bogotá D.C.,Hospital,45,M,Relacionado,Colombia
396,24/03/2020,Bogotá,Bogotá D.C.,Casa,44,F,Importado,Canadá
397,24/03/2020,Bogotá,Bogotá D.C.,Casa,27,F,Relacionado,Colombia
398,24/03/2020,Bogotá,Bogotá D.C.,Casa,51,F,Relacionado,Colombia
399,24/03/2020,Bogotá,Bogotá D.C.,Casa,21,M,Importado,España
400,24/03/2020,Bogotá,Bogotá D.C.,Casa,60,F,Importado,España
401,24/03/2020,Bogotá,Bogotá D.C.,Casa,30,F,Importado,Londres
402,24/03/2020,Bogotá,Bogotá D.C.,Casa,70,F,Importado,España
403,24/03/2020,Bogotá,Bogotá D.C.,Casa,21,M,Importado,México
404,24/03/2020,Bogotá,Bogotá D.C.,Casa,58,M,Importado,Puerto Rico
405,24/03/2020,Bogotá,Bogotá D.C.,Casa,39,M,Relacionado,Colombia
406,24/03/2020,Bogotá,Bogotá D.C.,Casa,25,M,Importado,España
407,24/03/2020,Bogotá,Bogotá D.C.,Casa,25,F,Importado,España
408,24/03/2020,Bogotá,Bogotá D.C.,Casa,45,M,Importado,Ecuador
409,24/03/2020,Bogotá,Bogotá D.C.,Casa,43,F,Relacionado,Colombia
410,24/03/2020,Bogotá,Bogotá D.C.,Casa,33,F,Importado,Ecuador
411,24/03/2020,Bogotá,Bogotá D.C.,Casa,23,F,Importado,México
412,24/03/2020,Bogotá,Bogotá D.C.,Hospital UCI,57,F,En estudio,Colombia
413,24/03/2020,Bogotá,Bogotá D.C.,Casa,63,M,Relacionado,Colombia
414,24/03/2020,Bogotá,Bogotá D.C.,Casa,48,M,Importado,Brasil
415,24/03/2020,Bogotá,Bogotá D.C.,Hospital UCI,62,M,En estudio,Colombia
416,24/03/2020,Bogotá,Bogotá D.C.,Casa,35,M,Importado,España
417,24/03/2020,Bogotá,Bogotá D.C.,Casa,52,F,Relacionado,Colombia
418,24/03/2020,Bogotá,Bogotá D.C.,Hospital,69,F,En estudio,Colombia
419,24/03/2020,Bogotá,Bogotá D.C.,Casa,35,M,En estudio,Colombia
420,25/03/2020,Santa Marta,Santa Marta D.T. y C.,Casa,58,M,En estudio,Colombia
421,25/03/2020,Soledad,Atlántico,Casa,21,F,En estudio,Colombia
422,25/03/2020,Cartagena,Cartagena D.T. y C,Casa,50,F,Relacionado,Colombia
423,25/03/2020,Pereira,Risaralda,Casa,28,F,Relacionado,Colombia
424,25/03/2020,Pereira,Risaralda,Casa,64,M,Importado,Estados Unidos
425,25/03/2020,Cali,Valle del Cauca,Casa,80,F,Relacionado,Colombia
426,25/03/2020,Cartagena,Cartagena D.T. y C,Casa,41,F,Relacionado,Colombia
427,25/03/2020,Cartagena,Cartagena D.T. y C,Casa,54,M,Relacionado,Colombia
428,25/03/2020,Ibagué,Tolima,Casa,44,M,Importado,Estados Unidos
429,25/03/2020,El Dovio,Valle del Cauca,Casa,48,M,Importado,Italia
430,25/03/2020,Cartagena,Cartagena D.T. y C,Casa,38,M,Relacionado,Colombia
431,25/03/2020,Armenia,Quindío,Casa,50,F,Relacionado,Colombia
432,25/03/2020,Palmira,Valle del Cauca,Casa,9,M,Relacionado,Colombia
433,25/03/2020,Armenia,Quindío,Casa,33,M,Relacionado,Colombia
434,25/03/2020,Barranquilla,Barranquilla D.E.,Casa,25,M,Importado,Estados Unidos
435,25/03/2020,Armenia,Quindío,Casa,19,M,Relacionado,Colombia
436,25/03/2020,Cartagena,Cartagena D.T. y C,Casa,38,F,Relacionado,Colombia
437,25/03/2020,Cúcuta,Norte de Santander,Casa,28,F,Relacionado,Colombia
438,25/03/2020,Medellín,Antioquia,Casa,36,F,Relacionado,Colombia
439,25/03/2020,La Dorada,Caldas,Casa,28,M,Relacionado,Colombia
440,25/03/2020,Cúcuta,Norte de Santander,Casa,73,F,Relacionado,Colombia
441,25/03/2020,Bogotá,Bogotá D.C.,Casa,43,F,Relacionado,Colombia
442,25/03/2020,Bogotá,Bogotá D.C.,Casa,55,F,Relacionado,Colombia
443,25/03/2020,Bogotá,Bogotá D.C.,Casa,34,F,Relacionado,Colombia
444,25/03/2020,Medellín,Antioquia,Casa,37,M,Importado,Brasil
445,25/03/2020,Santana,Boyacá,Casa,57,F,Relacionado,Colombia
446,25/03/2020,Bogotá,Bogotá D.C.,Casa,35,F,Relacionado,Colombia
447,25/03/2020,Cota,Cundinamarca,Casa,52,M,Relacionado,Colombia
448,25/03/2020,Bogotá,Bogotá D.C.,Casa,40,M,Relacionado,Colombia
449,25/03/2020,Popayán,Cauca,Casa,48,M,Relacionado,Colombia
450,25/03/2020,Medellín,Antioquia,Casa,24,F,Relacionado,Colombia
451,25/03/2020,Bucaramanga,Santander,Casa,33,F,Importado,México
452,25/03/2020,Bello,Antioquia,Casa,32,F,Importado,España
453,25/03/2020,Manizales,Caldas,Casa,26,F,Importado,España
454,25/03/2020,Bogotá,Bogotá D.C.,Casa,50,F,Importado,España
455,25/03/2020,Cali,Valle del Cauca,Casa,35,F,Importado,Estados Unidos
456,25/03/2020,Palmira,Valle del Cauca,Casa,58,M,Relacionado,Colombia
457,25/03/2020,Villavicencio,Meta,Casa,29,M,Importado,Estados Unidos
458,25/03/2020,Popayán,Cauca,Casa,45,F,Relacionado,Colombia
459,25/03/2020,Popayán,Cauca,Casa,26,M,Relacionado,Colombia
460,25/03/2020,Armenia,Quindío,Casa,72,M,En estudio,Colombia
461,25/03/2020,Cúcuta,Norte de Santander,Casa,44,F,Relacionado,Colombia
462,25/03/2020,Frontino,Antioquia,Casa,15,M,Relacionado,Colombia
463,25/03/2020,Barranquilla,Barranquilla D.E.,Casa,19,F,Importado,España
464,25/03/2020,Medellín,Antioquia,Casa,34,M,Relacionado,Colombia
465,25/03/2020,Medellín,Antioquia,Casa,28,M,En estudio,Colombia
466,25/03/2020,Medellín,Antioquia,Casa,32,F,En estudio,Colombia
467,25/03/2020,Cúcuta,Norte de Santander,Casa,33,M,En estudio,Colombia
468,25/03/2020,Popayán,Cauca,Casa,3,F,Relacionado,Colombia
469,25/03/2020,Popayán,Cauca,Casa,32,F,Relacionado,Colombia
470,25/03/2020,Popayán,Cauca,Casa,45,F,Relacionado,Colombia
471,25/03/2020,Barranquilla,Barranquilla D.E.,Casa,50,F,Importado,Estados Unidos
472,25/03/2020,Bogotá,Bogotá D.C.,Casa,19,F,Importado,Alemania
473,25/03/2020,Bogotá,Bogotá D.C.,Casa,40,F,Relacionado,Colombia
474,25/03/2020,Bogotá,Bogotá D.C.,Casa,33,F,Relacionado,Colombia
475,25/03/2020,Bogotá,Bogotá D.C.,Casa,37,F,Importado,México
476,25/03/2020,Bogotá,Bogotá D.C.,Casa,41,M,Importado,México
477,25/03/2020,Bogotá,Bogotá D.C.,Casa,30,F,Importado,Ecuador
478,25/03/2020,Bogotá,Bogotá D.C.,Casa,84,F,Relacionado,Colombia
479,25/03/2020,Bogotá,Bogotá D.C.,Casa,61,F,Relacionado,Colombia
480,25/03/2020,Bogotá,Bogotá D.C.,Casa,57,F,Importado,Estados Unidos
481,25/03/2020,Bogotá,Bogotá D.C.,Hospital,42,M,Relacionado,Colombia
482,26/03/2020,Bogotá,Bogotá D.C.,Casa,50,M,Importado,Ecuador
483,26/03/2020,Bogotá,Bogotá D.C.,Casa,51,M,En estudio,Colombia
484,26/03/2020,Bogotá,Bogotá D.C.,Casa,39,M,Relacionado,Colombia
485,26/03/2020,Bogotá,Bogotá D.C.,Casa,30,M,Relacionado,Colombia
486,26/03/2020,Bogotá,Bogotá D.C.,Casa,37,F,Importado,España
487,26/03/2020,Bogotá,Bogotá D.C.,Casa,22,M,Importado,España
488,26/03/2020,Cali,Valle del Cauca,Casa,27,M,Relacionado,Colombia
489,26/03/2020,Tunja,Boyacá,Casa,69,M,Importado,España
490,26/03/2020,Cali,Valle del Cauca,Casa,32,M,Importado,Estados Unidos
491,26/03/2020,Bogotá,Bogotá D.C.,Fallecido,84,M,En estudio,Colombia
492,27/3/2020,Bogotá,Bogotá D.C.,Hospital UCI,85,M,Importado,España
493,27/3/2020,Bogotá,Bogotá D.C.,Casa,65,M,Relacionado,Colombia
494,27/3/2020,Bogotá,Bogotá D.C.,Casa,23,F,En estudio,Colombia
495,27/3/2020,Bogotá,Bogotá D.C.,Casa,35,M,Importado,Panamá
496,27/3/2020,Bogotá,Bogotá D.C.,Casa,32,F,Importado,Panamá
497,27/3/2020,Bogotá,Bogotá D.C.,Casa,34,M,Importado,Estados Unidos
498,27/3/2020,Bogotá,Bogotá D.C.,Casa,48,M,Importado,España
499,27/3/2020,Bogotá,Bogotá D.C.,Hospital,42,F,Importado,España
500,27/3/2020,Bogotá,Bogotá D.C.,Casa,28,F,Importado,Chile
501,27/3/2020,Bogotá,Bogotá D.C.,Casa,28,M,Relacionado,Colombia
502,27/3/2020,Bogotá,Bogotá D.C.,Hospital,31,M,Relacionado,Colombia
503,27/3/2020,Bogotá,Bogotá D.C.,Casa,50,M,Importado,Ecuador
504,27/3/2020,Bogotá,Bogotá D.C.,Casa,27,M,Importado,Brasil
505,27/3/2020,Bogotá,Bogotá D.C.,Casa,52,M,Importado,Francia
506,27/3/2020,Tocancipá,Cundinamarca,Casa,34,F,Importado,España
507,27/3/2020,Bogotá,Bogotá D.C.,Casa,47,F,Importado,España
508,27/3/2020,Bogotá,Bogotá D.C.,Casa,35,M,Importado,España
509,27/3/2020,Bogotá,Bogotá D.C.,Casa,37,M,En estudio,Colombia
510,27/3/2020,Bogotá,Bogotá D.C.,Hospital,72,M,En estudio,Colombia
511,27/3/2020,Bogotá,Bogotá D.C.,Casa,74,F,En estudio,Colombia
512,27/3/2020,Bogotá,Bogotá D.C.,Casa,35,M,Importado,España
513,27/3/2020,Bogotá,Bogotá D.C.,Casa,71,M,En estudio,Colombia
514,27/3/2020,Bogotá,Bogotá D.C.,Hospital UCI,71,M,Relacionado,Colombia
515,27/3/2020,Bogotá,Bogotá D.C.,Casa,50,M,Importado,España
516,27/3/2020,Bogotá,Bogotá D.C.,Casa,80,F,Importado,España
517,27/3/2020,Bogotá,Bogotá D.C.,Casa,30,F,Relacionado,Colombia
518,27/3/2020,Bogotá,Bogotá D.C.,Casa,24,F,Relacionado,Colombia
519,27/3/2020,Bogotá,Bogotá D.C.,Casa,20,M,Relacionado,Colombia
520,27/3/2020,Bogotá,Bogotá D.C.,Casa,47,M,Relacionado,Colombia
521,27/3/2020,Bogotá,Bogotá D.C.,Casa,26,M,Relacionado,Colombia
522,27/3/2020,Bogotá,Bogotá D.C.,Casa,24,F,Relacionado,Colombia
523,27/3/2020,Bogotá,Bogotá D.C.,Casa,62,F,Importado,Francia
524,27/3/2020,Bogotá,Bogotá D.C.,Casa,37,M,Importado,Estados Unidos
525,27/3/2020,Bogotá,Bogotá D.C.,Casa,32,M,Importado,Ecuador
526,27/3/2020,Bogotá,Bogotá D.C.,Casa,36,F,Relacionado,Colombia
527,27/3/2020,Bogotá,Bogotá D.C.,Casa,56,F,Relacionado,Colombia
528,27/3/2020,Bogotá,Bogotá D.C.,Casa,33,F,Relacionado,Colombia
529,27/3/2020,Bogotá,Bogotá D.C.,Casa,51,M,Relacionado,Colombia
530,27/3/2020,Bogotá,Bogotá D.C.,Casa,43,M,Relacionado,Colombia
531,27/3/2020,Santa Marta,Santa Marta D.T. y C.,Casa,34,F,En estudio,Colombia
532,27/3/2020,Puerto Colombia,Atlántico,Casa,47,F,En estudio,Colombia
533,27/3/2020,Barranquilla,Barranquilla D.E.,Casa,25,M,Importado,España
534,27/3/2020,Armenia,Quindío,Casa,26,M,Importado,Estados Unidos
535,27/3/2020,Soledad,Atlántico,Fallecido,50,M,Relacionado,Colombia
536,27/3/2020,Armenia,Quindío,Casa,24,M,Importado,Francia
537,27/3/2020,Armenia,Quindío,Casa,34,F,Relacionado,Colombia
538,27/3/2020,Santa Marta,Santa Marta D.T. y C.,Casa,49,F,En estudio,Colombia
539,27/3/2020,Manizales,Caldas,Casa,81,M,Relacionado,Colombia
540,28/3/2020,Mosquera,Cundinamarca,Casa,37,M,Importado,Egipto
541,28/3/2020,Cali,Valle del Cauca,Casa,57,F,Relacionado,Colombia
542,28/3/2020,Cali,Valle del Cauca,Casa,30,M,Importado,Costa Rica
543,28/3/2020,Cali,Valle del Cauca,Fallecido,51,M,Relacionado,Colombia
544,28/3/2020,Cali,Valle del Cauca,Casa,27,F,Relacionado,Colombia
545,28/3/2020,Palmira,Valle del Cauca,Casa,9,M,Relacionado,Colombia
546,28/3/2020,Palmira,Valle del Cauca,Casa,60,F,Relacionado,Colombia
547,28/3/2020,Sahagún,Córdoba,Casa,29,F,Importado,España
548,28/3/2020,Pasto,Nariño,Casa,54,M,Importado,México
549,28/3/2020,Valledupar,Cesar,Casa,16,F,Importado,Inglaterra
550,28/3/2020,Polonuevo,Atlántico,Casa,16,M,En estudio,Colombia
551,28/3/2020,Bogotá,Bogotá D.C.,Casa,29,M,En estudio,Colombia
552,28/3/2020,Bogotá,Bogotá D.C.,Hospital,40,M,En estudio,Colombia
553,28/3/2020,Bogotá,Bogotá D.C.,Casa,33,M,Importado,Ecuador
554,28/3/2020,Bogotá,Bogotá D.C.,Casa,42,M,En estudio,Colombia
555,28/3/2020,Bogotá,Bogotá D.C.,Casa,39,M,Importado,Ecuador
556,28/3/2020,Bogotá,Bogotá D.C.,Casa,43,M,Importado,México
557,28/3/2020,Bogotá,Bogotá D.C.,Casa,82,F,En estudio,Colombia
558,28/3/2020,Bogotá,Bogotá D.C.,Casa,41,M,Importado,Jamaica
559,28/3/2020,Bogotá,Bogotá D.C.,Casa,53,M,En estudio,Colombia
560,28/3/2020,Bogotá,Bogotá D.C.,Hospital UCI,55,F,En estudio,Colombia
561,28/3/2020,Bogotá,Bogotá D.C.,Hospital UCI,49,M,En estudio,Colombia
562,28/3/2020,Bogotá,Bogotá D.C.,Casa,58,F,Relacionado,Colombia
563,28/3/2020,Bogotá,Bogotá D.C.,Casa,38,F,En estudio,Colombia
564,28/3/2020,Bogotá,Bogotá D.C.,Casa,31,F,En estudio,Colombia
565,28/3/2020,Bogotá,Bogotá D.C.,Casa,64,F,En estudio,Colombia
566,28/3/2020,Bogotá,Bogotá D.C.,Hospital UCI,48,F,En estudio,Colombia
567,28/3/2020,Bogotá,Bogotá D.C.,Casa,33,F,En estudio,Colombia
568,28/3/2020,Bogotá,Bogotá D.C.,Casa,35,M,En estudio,Colombia
569,28/3/2020,Bogotá,Bogotá D.C.,Fallecido,57,F,En estudio,Colombia
570,28/3/2020,Bogotá,Bogotá D.C.,Casa,30,M,En estudio,Colombia
571,28/3/2020,Bogotá,Bogotá D.C.,Casa,54,M,En estudio,Colombia
572,28/3/2020,Bogotá,Bogotá D.C.,Casa,53,F,En estudio,Colombia
573,28/3/2020,Bogotá,Bogotá D.C.,Casa,38,F,Importado,Cuba
574,28/3/2020,Bogotá,Bogotá D.C.,Casa,30,M,En estudio,Colombia
575,28/3/2020,Bogotá,Bogotá D.C.,Casa,38,M,Importado,España
576,28/3/2020,Bogotá,Bogotá D.C.,Casa,31,F,Importado,Europa
577,28/3/2020,Bogotá,Bogotá D.C.,Casa,38,M,En estudio,Colombia
578,28/3/2020,Bogotá,Bogotá D.C.,Casa,37,M,Importado,España
579,28/3/2020,Bogotá,Bogotá D.C.,Hospital,68,F,Importado,Estados Unidos
580,28/3/2020,Bogotá,Bogotá D.C.,Casa,43,M,Relacionado,Colombia
581,28/3/2020,Bogotá,Bogotá D.C.,Casa,26,M,En estudio,Colombia
582,28/3/2020,Bogotá,Bogotá D.C.,Casa,62,M,En estudio,Colombia
583,28/3/2020,Bogotá,Bogotá D.C.,Hospital,30,M,En estudio,Colombia
584,28/3/2020,Bogotá,Bogotá D.C.,Casa,37,M,Importado,México
585,28/3/2020,Bogotá,Bogotá D.C.,Casa,33,F,Relacionado,Colombia
586,28/3/2020,Bogotá,Bogotá D.C.,Hospital UCI,67,F,Importado,Jamaica - Isla Caimán - Panamá
587,28/3/2020,Villapinzón,Cundinamarca,Hospital UCI,67,F,En estudio,Colombia
588,28/3/2020,Bogotá,Bogotá D.C.,Casa,39,M,Relacionado,Colombia
589,28/3/2020,Bogotá,Bogotá D.C.,Casa,50,F,Importado,España
590,28/3/2020,Cartago,Valle del Cauca,Casa,58,M,Importado,España
591,28/3/2020,Cali,Valle del Cauca,Casa,28,F,Relacionado,Colombia
592,28/3/2020,Cali,Valle del Cauca,Hospital,72,M,Importado,España
593,28/3/2020,Cali,Valle del Cauca,Casa,47,F,Importado,España
594,28/3/2020,Cali,Valle del Cauca,Hospital,27,M,En estudio,Colombia
595,28/3/2020,Medellín,Antioquia,Casa,27,F,Importado,Estados Unidos
596,28/3/2020,Montebello,Antioquia,Casa,52,F,Importado,Panamá
597,28/3/2020,Medellín,Antioquia,Casa,21,M,Importado,Alemania
598,28/3/2020,Medellín,Antioquia,Casa,24,F,Importado,Estados Unidos
599,28/3/2020,Medellín,Antioquia,Casa,32,F,Importado,Estados Unidos
600,28/3/2020,Chinchiná,Caldas,Casa,25,M,Relacionado,Colombia
601,28/3/2020,Armenia,Quindío,Casa,59,M,Importado,Estados Unidos
602,28/3/2020,Medellín,Antioquia,Casa,46,F,Importado,España
603,28/3/2020,Santa Rosa de Osos,Antioquia,Casa,55,M,Importado,Jamaica
604,28/3/2020,Barranquilla,Barranquilla D.E.,Casa,54,M,Relacionado,Colombia
605,28/3/2020,Barranquilla,Barranquilla D.E.,Casa,37,F,Relacionado,Colombia
606,28/3/2020,Turbaco,Bolívar,Casa,58,M,Relacionado,Colombia
607,28/3/2020,Cartagena,Cartagena D.T. y C,Casa,31,M,Relacionado,Colombia
608,28/3/2020,Barranquilla,Barranquilla D.E.,Casa,47,M,Importado,España
609,29/3/2020,Envigado,Antioquia,Casa,51,F,Importado,Turquía
610,29/3/2020,Envigado,Antioquia,Hospital,60,M,En estudio,Colombia
611,29/3/2020,Medellín,Antioquia,Casa,82,F,Importado,Panamá
612,29/3/2020,Medellín,Antioquia,Hospital UCI,42,M,En estudio,Colombia
613,29/3/2020,Bello,Antioquia,Casa,73,M,Importado,España
614,29/3/2020,Cali,Valle del Cauca,Casa,64,F,En estudio,Colombia
615,29/3/2020,Cali,Valle del Cauca,Casa,46,M,Relacionado,Colombia
616,29/3/2020,Cali,Valle del Cauca,Casa,12,F,Relacionado,Colombia
617,29/3/2020,Cali,Valle del Cauca,Casa,32,M,Relacionado,Colombia
618,29/3/2020,Cali,Valle del Cauca,Casa,62,F,En estudio,Colombia
619,29/3/2020,Cali,Valle del Cauca,Fallecido,36,M,En estudio,Colombia
620,29/3/2020,Palmira,Valle del Cauca,Casa,45,M,Importado,Emiratos Árabes
621,29/3/2020,Bogotá,Bogotá D.C.,Casa,25,M,Relacionado,Colombia
622,29/3/2020,Bogotá,Bogotá D.C.,Casa,42,F,Importado,España
623,29/3/2020,Bogotá,Bogotá D.C.,Casa,62,F,Importado,Alemania
624,29/3/2020,Bogotá,Bogotá D.C.,Hospital,38,M,Relacionado,Colombia
625,29/3/2020,Bogotá,Bogotá D.C.,Casa,45,F,Relacionado,Colombia
626,29/3/2020,Bogotá,Bogotá D.C.,Casa,45,F,Relacionado,Colombia
627,29/3/2020,Bogotá,Bogotá D.C.,Casa,45,M,Importado,Islas San Martin
628,29/3/2020,Bogotá,Bogotá D.C.,Casa,42,F,Relacionado,Colombia
629,29/3/2020,Bogotá,Bogotá D.C.,Casa,42,F,Relacionado,Colombia
630,29/3/2020,Bogotá,Bogotá D.C.,Hospital UCI,62,M,Importado,Puerto Rico
631,29/3/2020,Bogotá,Bogotá D.C.,Casa,29,M,Relacionado,Colombia
632,29/3/2020,Bogotá,Bogotá D.C.,Casa,70,M,Relacionado,Colombia
633,29/3/2020,Bogotá,Bogotá D.C.,Casa,60,F,Relacionado,Colombia
634,29/3/2020,Bogotá,Bogotá D.C.,Casa,50,F,Importado,Panamá
635,29/3/2020,Bogotá,Bogotá D.C.,Casa,29,M,Relacionado,Colombia
636,29/3/2020,Bogotá,Bogotá D.C.,Hospital,69,F,Importado,España
637,29/3/2020,Bogotá,Bogotá D.C.,Casa,52,M,Relacionado,Colombia
638,29/3/2020,Bogotá,Bogotá D.C.,Hospital UCI,58,F,Importado,México
639,29/3/2020,Bogotá,Bogotá D.C.,Casa,46,M,Relacionado,Colombia
640,29/3/2020,Bogotá,Bogotá D.C.,Hospital,68,M,En estudio,Colombia
641,29/3/2020,Bogotá,Bogotá D.C.,Casa,26,F,En estudio,Colombia
642,29/3/2020,Bogotá,Bogotá D.C.,Casa,38,M,Relacionado,Colombia
643,29/3/2020,Bogotá,Bogotá D.C.,Casa,25,F,Importado,Estados Unidos
644,29/3/2020,Bogotá,Bogotá D.C.,Casa,22,F,Importado,Estados Unidos
645,29/3/2020,Bogotá,Bogotá D.C.,Casa,33,M,En estudio,Colombia
646,29/3/2020,Bogotá,Bogotá D.C.,Casa,34,F,Importado,España
647,29/3/2020,Bogotá,Bogotá D.C.,Casa,28,F,Importado,Bélgica
648,29/3/2020,Bogotá,Bogotá D.C.,Casa,42,F,Relacionado,Colombia
649,29/3/2020,Bogotá,Bogotá D.C.,Casa,51,M,Importado,España
650,29/3/2020,Bogotá,Bogotá D.C.,Casa,65,M,Relacionado,Colombia
651,29/3/2020,Bogotá,Bogotá D.C.,Hospital,57,M,En estudio,Colombia
652,29/3/2020,Bogotá,Bogotá D.C.,Casa,34,M,Relacionado,Colombia
653,29/3/2020,Bogotá,Bogotá D.C.,Casa,30,M,Relacionado,Colombia
654,29/3/2020,Bello,Antioquia,Casa,33,F,Importado,Jamaica
655,29/3/2020,Bello,Antioquia,Casa,29,M,Importado,Panamá
656,29/3/2020,Medellín,Antioquia,Casa,61,F,Relacionado,Colombia
657,29/3/2020,Medellín,Antioquia,Casa,8,F,Relacionado,Colombia
658,29/3/2020,Medellín,Antioquia,Casa,30,F,Relacionado,Colombia
659,29/3/2020,Neiva,Huila,Casa,26,M,Relacionado,Colombia
660,29/3/2020,Neiva,Huila,Casa,21,F,Relacionado,Colombia
661,29/3/2020,Cali,Valle del Cauca,Casa,26,M,Relacionado,Colombia
662,29/3/2020,Valledupar,Cesar,Casa,36,M,Importado,España
663,29/3/2020,Cartagena,Cartagena D.T. y C,Casa,16,F,Relacionado,Colombia
664,29/3/2020,Cartagena,Cartagena D.T. y C,Casa,42,F,Relacionado,Colombia
665,29/3/2020,Cartagena,Cartagena D.T. y C,Casa,24,F,Relacionado,Colombia
666,29/3/2020,Cartagena,Cartagena D.T. y C,Casa,24,F,Relacionado,Colombia
667,29/3/2020,Cartagena,Cartagena D.T. y C,Casa,29,F,Relacionado,Colombia
668,29/3/2020,Barranquilla,Barranquilla D.E.,Casa,64,M,Relacionado,Colombia
669,29/3/2020,Sincelejo,Sucre,Casa,21,F,Relacionado,Colombia
670,29/3/2020,Villamaría,Caldas,Casa,39,F,Importado,España
671,29/3/2020,Barranquilla,Barranquilla D.E.,Casa,28,F,Relacionado,Colombia
672,29/3/2020,Barranquilla,Barranquilla D.E.,Casa,1,M,Relacionado,Colombia
673,29/3/2020,Barranquilla,Barranquilla D.E.,Casa,35,M,Relacionado,Colombia
674,29/3/2020,Cartagena,Cartagena D.T. y C,Fallecido,33,F,Relacionado,Colombia
675,29/3/2020,Cartagena,Cartagena D.T. y C,Casa,41,M,Importado,Estados Unidos
676,29/3/2020,Rionegro,Antioquia,Casa,24,M,En estudio,Colombia
677,29/3/2020,Rionegro,Antioquia,Hospital UCI,80,M,En estudio,Colombia
678,29/3/2020,Envigado,Antioquia,Casa,40,F,Relacionado,Colombia
679,29/3/2020,Medellín,Antioquia,Casa,24,F,Importado,España
680,29/3/2020,Envigado,Antioquia,Casa,18,F,Relacionado,Colombia
681,29/3/2020,Medellín,Antioquia,Casa,5,F,En estudio,Colombia
682,29/3/2020,Medellín,Antioquia,Casa,63,F,Importado,España
683,29/3/2020,Rionegro,Antioquia,Casa,50,M,En estudio,Colombia
684,29/3/2020,Medellín,Antioquia,Casa,42,M,En estudio,Colombia
685,29/3/2020,Bucaramanga,Santander,Casa,80,F,Importado,Brasil
686,29/3/2020,Bucaramanga,Santander,Casa,58,M,Importado,Panamá
687,29/3/2020,Bucaramanga,Santander,Casa,24,M,Importado,México
688,29/3/2020,Floridablanca,Santander,Casa,46,M,En estudio,Colombia
689,29/3/2020,Lorica,Córdoba,Casa,35,M,Relacionado,Colombia
690,29/3/2020,Oicatá,Boyacá,Casa,72,F,Importado,Francia
691,29/3/2020,Dosquebradas,Risaralda,Casa,55,F,Importado,Turquía
692,29/3/2020,Pereira,Risaralda,Casa,62,F,Relacionado,Colombia
693,29/3/2020,Pereira,Risaralda,Casa,6,F,Relacionado,Colombia
694,29/3/2020,Pereira,Risaralda,Casa,63,M,Relacionado,Colombia
695,29/3/2020,Pereira,Risaralda,Casa,66,F,Relacionado,Colombia
696,29/3/2020,Pereira,Risaralda,Casa,54,F,Relacionado,Colombia
697,29/3/2020,Pereira,Risaralda,Casa,61,M,Relacionado,Colombia
698,29/3/2020,Pereira,Risaralda,Casa,32,M,Relacionado,Colombia
699,29/3/2020,Dosquebradas,Risaralda,Casa,47,M,Importado,Panamá
700,29/3/2020,Pereira,Risaralda,Casa,45,F,Importado,Francia
701,29/3/2020,Arjona,Bolívar,Casa,25,M,Relacionado,Colombia
702,29/3/2020,Arjona,Bolívar,Casa,22,F,Importado,Turquía
703,30/3/2020,Santana,Boyacá,Casa,73,F,Relacionado,Colombia
704,30/3/2020,Cúcuta,Norte de Santander,Casa,21,F,Importado,Panamá
705,30/3/2020,Sopó,Cundinamarca,Casa,60,M,Importado,Estados Unidos
706,30/3/2020,Chía,Cundinamarca,Casa,35,M,Importado,Ecuador
707,30/3/2020,Villapinzón,Cundinamarca,Hospital,65,M,Relacionado,Colombia
708,30/3/2020,Soacha,Cundinamarca,Casa,54,F,Importado,Estados Unidos
709,30/3/2020,Neiva,Huila,Casa,32,F,Relacionado,Colombia
710,30/3/2020,Neiva,Huila,Fallecido,64,F,En estudio,Colombia
711,30/3/2020,Neiva,Huila,Casa,27,F,Importado,España
712,30/3/2020,Palermo,Huila,Casa,45,M,En estudio,Colombia
713,30/3/2020,Palermo,Huila,Casa,33,F,Importado,Ecuador
714,30/3/2020,Cartagena,Cartagena D.T. y C,Fallecido,44,F,En estudio,Colombia
715,30/3/2020,Cartagena,Cartagena D.T. y C,Casa,36,F,Importado,México
716,30/3/2020,Cartagena,Cartagena D.T. y C,Hospital UCI,49,F,Relacionado,Colombia
717,30/3/2020,Santa Marta,Santa Marta D.T. y C.,Casa,28,F,Relacionado,Colombia
718,30/3/2020,La Dorada,Caldas,Casa,65,F,Relacionado,Colombia
719,30/3/2020,Cali,Valle del Cauca,Casa,26,F,Importado,Ecuador
720,30/3/2020,Cali,Valle del Cauca,Casa,31,M,Importado,Estados Unidos
721,30/3/2020,Cali,Valle del Cauca,Casa,45,F,Importado,España
722,30/3/2020,Cali,Valle del Cauca,Fallecido,68,M,En estudio,Colombia
723,30/3/2020,Medellín,Antioquia,Casa,24,M,Relacionado,Colombia
724,30/3/2020,Medellín,Antioquia,Casa,34,M,Importado,España
725,30/3/2020,Medellín,Antioquia,Casa,37,F,Relacionado,Colombia
726,30/3/2020,Medellín,Antioquia,Casa,36,M,En estudio,Colombia
727,30/3/2020,Medellín,Antioquia,Casa,25,M,Importado,Londres
728,30/3/2020,Itagüí,Antioquia,Casa,53,M,Relacionado,Colombia
729,30/3/2020,Medellín,Antioquia,Casa,64,M,Relacionado,Colombia
730,30/3/2020,Medellín,Antioquia,Casa,19,F,Relacionado,Colombia
731,30/3/2020,Medellín,Antioquia,Casa,82,M,Importado,Estados Unidos
732,30/3/2020,Medellín,Antioquia,Casa,35,F,Relacionado,Colombia
733,30/3/2020,Barranquilla,Barranquilla D.E.,Hospital UCI,31,M,En estudio,Colombia
734,30/3/2020,Bogotá,Bogotá D.C.,Hospital,50,M,En estudio,Colombia
735,30/3/2020,Bogotá,Bogotá D.C.,Casa,48,M,En estudio,Colombia
736,30/3/2020,Bogotá,Bogotá D.C.,Hospital,32,M,En estudio,Colombia
737,30/3/2020,Bogotá,Bogotá D.C.,Casa,26,M,Importado,Estados Unidos
738,30/3/2020,Bogotá,Bogotá D.C.,Casa,47,F,En estudio,Colombia
739,30/3/2020,Bogotá,Bogotá D.C.,Casa,38,M,Importado,Londres
740,30/3/2020,Bogotá,Bogotá D.C.,Casa,29,F,En estudio,Colombia
741,30/3/2020,Bogotá,Bogotá D.C.,Casa,36,F,Importado,Londres
742,30/3/2020,Bogotá,Bogotá D.C.,Casa,38,M,En estudio,Colombia
743,30/3/2020,Bogotá,Bogotá D.C.,Hospital,75,F,En estudio,Colombia
744,30/3/2020,Bogotá,Bogotá D.C.,Casa,27,M,En estudio,Colombia
745,30/3/2020,Bogotá,Bogotá D.C.,Casa,51,F,Importado,Estados Unidos
746,30/3/2020,Bogotá,Bogotá D.C.,Casa,54,F,En estudio,Colombia
747,30/3/2020,Bogotá,Bogotá D.C.,Casa,52,M,En estudio,Colombia
748,30/3/2020,Bogotá,Bogotá D.C.,Casa,23,M,Importado,Londres
749,30/3/2020,Bogotá,Bogotá D.C.,Casa,50,M,Importado,Jamaica - Panamá - Islas del caribe - Cartagena
750,30/3/2020,Bogotá,Bogotá D.C.,Casa,61,M,Importado,Jamaica
751,30/3/2020,Bogotá,Bogotá D.C.,Casa,61,F,Importado,Jamaica
752,30/3/2020,Bogotá,Bogotá D.C.,Casa,73,M,En estudio,Colombia
753,30/3/2020,Bogotá,Bogotá D.C.,Casa,51,F,En estudio,Colombia
754,30/3/2020,Bogotá,Bogotá D.C.,Casa,28,M,En estudio,Colombia
755,30/3/2020,Bogotá,Bogotá D.C.,Casa,33,F,Importado,Islas San Martin
756,30/3/2020,Bogotá,Bogotá D.C.,Casa,38,M,Importado,Islas San Martin
757,30/3/2020,Bogotá,Bogotá D.C.,Casa,38,F,Importado,Islas San Martin
758,30/3/2020,Bogotá,Bogotá D.C.,Casa,31,M,Importado,Islas San Martin
759,30/3/2020,Bogotá,Bogotá D.C.,Casa,74,M,Importado,Islas San Martin
760,30/3/2020,Bogotá,Bogotá D.C.,Casa,29,M,Importado,España
761,30/3/2020,Bogotá,Bogotá D.C.,Casa,51,F,En estudio,Colombia
762,30/3/2020,Bogotá,Bogotá D.C.,Casa,21,F,En estudio,Colombia
763,30/3/2020,Bogotá,Bogotá D.C.,Casa,57,M,Importado,Argentina
764,30/3/2020,Bogotá,Bogotá D.C.,Casa,61,F,En estudio,Colombia
765,30/3/2020,Bogotá,Bogotá D.C.,Casa,35,M,En estudio,Colombia
766,30/3/2020,Bogotá,Bogotá D.C.,Casa,30,M,En estudio,Colombia
767,30/3/2020,Bogotá,Bogotá D.C.,Casa,31,F,Importado,Estados Unidos
768,30/3/2020,Bogotá,Bogotá D.C.,Casa,46,M,En estudio,Colombia
769,30/3/2020,Bogotá,Bogotá D.C.,Casa,84,M,Importado,Argentina
770,30/3/2020,Bogotá,Bogotá D.C.,Hospital,47,F,En estudio,Colombia
771,30/3/2020,Bogotá,Bogotá D.C.,Casa,72,F,Importado,Egipto
772,30/3/2020,Bogotá,Bogotá D.C.,Casa,65,M,Importado,España - Francia
773,30/3/2020,Bogotá,Bogotá D.C.,Casa,33,F,Importado,Turquía
774,30/3/2020,Bogotá,Bogotá D.C.,Casa,68,F,Importado,Estados Unidos
775,30/3/2020,Bogotá,Bogotá D.C.,Casa,51,M,Relacionado,Colombia
776,30/3/2020,Bogotá,Bogotá D.C.,Casa,2,M,Relacionado,Colombia
777,30/3/2020,Bogotá,Bogotá D.C.,Casa,47,F,Relacionado,Colombia
778,30/3/2020,Bogotá,Bogotá D.C.,Hospital UCI,44,M,En estudio,Colombia
779,30/3/2020,Bogotá,Bogotá D.C.,Hospital,50,M,En estudio,Colombia
780,30/3/2020,Bogotá,Bogotá D.C.,Casa,30,F,En estudio,Colombia
781,30/3/2020,Bogotá,Bogotá D.C.,Casa,27,F,En estudio,Colombia
782,30/3/2020,Bogotá,Bogotá D.C.,Casa,35,M,Importado,España
783,30/3/2020,Bogotá,Bogotá D.C.,Casa,36,M,En estudio,Colombia
784,30/3/2020,Bogotá,Bogotá D.C.,Casa,28,M,Importado,España
785,30/3/2020,Bogotá,Bogotá D.C.,Casa,25,F,Relacionado,Colombia
786,30/3/2020,Bogotá,Bogotá D.C.,Casa,47,F,Relacionado,Colombia
787,30/3/2020,Bogotá,Bogotá D.C.,Casa,2,F,Relacionado,Colombia
788,30/3/2020,Bogotá,Bogotá D.C.,Hospital UCI,64,F,En estudio,Colombia
789,30/3/2020,Bogotá,Bogotá D.C.,Casa,51,M,Importado,Francia - Holanda
790,30/3/2020,Cali,Valle del Cauca,Casa,66,M,En estudio,Colombia
791,30/3/2020,Palmira,Valle del Cauca,Casa,88,M,En estudio,Colombia
792,30/3/2020,Cartago,Valle del Cauca,Casa,26,F,En estudio,Colombia
793,30/3/2020,Cali,Valle del Cauca,Casa,27,M,En estudio,Colombia
794,30/3/2020,Palmira,Valle del Cauca,Casa,55,F,Importado,España
795,30/3/2020,Palmira,Valle del Cauca,Casa,17,M,Relacionado,Colombia
796,30/3/2020,Palmira,Valle del Cauca,Casa,22,M,Importado,España
797,30/3/2020,Cali,Valle del Cauca,Hospital,83,M,Relacionado,Colombia
798,30/3/2020,Cartago,Valle del Cauca,Casa,63,F,Importado,Panamá
799,31/3/2020,Palmira,Valle del Cauca,Casa,69,F,Importado,España
800,31/3/2020,Cartago,Valle del Cauca,Casa,25,F,Importado,España
801,31/3/2020,Cali,Valle del Cauca,Casa,44,M,En estudio,Colombia
802,31/3/2020,Cali,Valle del Cauca,Hospital,54,M,En estudio,Colombia
803,31/3/2020,Cali,Valle del Cauca,Casa,20,F,Importado,España
804,31/3/2020,Cali,Valle del Cauca,Casa,28,M,Importado,España
805,31/3/2020,Cali,Valle del Cauca,Casa,26,M,En estudio,Colombia
806,31/3/2020,Cali,Valle del Cauca,Hospital UCI,26,M,En estudio,Colombia
807,31/3/2020,Cali,Valle del Cauca,Casa,32,M,Importado,España
808,31/3/2020,Cali,Valle del Cauca,Casa,30,F,Importado,España
809,31/3/2020,Cali,Valle del Cauca,Casa,38,M,Importado,España
810,31/3/2020,Tumaco,Nariño,Casa,0,M,Importado,Ecuador
811,31/3/2020,Pasto,Nariño,Casa,76,F,Importado,España
812,31/3/2020,Valledupar,Cesar,Hospital,46,M,Relacionado,Colombia
813,31/3/2020,Valledupar,Cesar,Casa,41,M,Relacionado,Colombia
814,31/3/2020,Valledupar,Cesar,Casa,38,M,Relacionado,Colombia
815,31/3/2020,Valledupar,Cesar,Casa,31,M,Importado,Estados Unidos
816,31/3/2020,Valledupar,Cesar,Casa,27,M,Relacionado,Colombia
817,31/3/2020,Valledupar,Cesar,Casa,40,M,Relacionado,Colombia
818,31/3/2020,Valledupar,Cesar,Casa,21,M,Relacionado,Colombia
819,31/3/2020,Barranquilla,Barranquilla D.E.,Casa,26,M,Importado,Estados Unidos
820,31/3/2020,Riohacha,La Guajira,Casa,42,M,Importado,Estados Unidos
821,31/3/2020,Santa Marta,Santa Marta D.T. y C.,Casa,70,M,En estudio,Colombia
822,31/3/2020,Santa Marta,Santa Marta D.T. y C.,Casa,43,M,Relacionado,Colombia
823,31/3/2020,Barranquilla,Barranquilla D.E.,Casa,57,F,Relacionado,Colombia
824,31/3/2020,Barranquilla,Barranquilla D.E.,Casa,32,F,Relacionado,Colombia
825,31/3/2020,Barranquilla,Barranquilla D.E.,Casa,44,M,Importado,España
826,31/3/2020,Barranquilla,Barranquilla D.E.,Casa,24,M,Importado,Estados Unidos
827,31/3/2020,Barranquilla,Barranquilla D.E.,Casa,25,M,Importado,Estados Unidos
828,31/3/2020,Barranquilla,Barranquilla D.E.,Hospital UCI,77,M,En estudio,Colombia
829,31/3/2020,Barranquilla,Barranquilla D.E.,Casa,30,F,En estudio,Colombia
830,31/3/2020,Cartagena,Cartagena D.T. y C,Hospital,55,F,En estudio,Colombia
831,31/3/2020,Cartagena,Cartagena D.T. y C,Casa,30,F,Relacionado,Colombia
832,31/3/2020,Sabaneta,Antioquia,Casa,59,M,Importado,Estados Unidos
833,31/3/2020,Medellín,Antioquia,Hospital UCI,67,F,En estudio,Colombia
834,31/3/2020,Medellín,Antioquia,Casa,66,M,Importado,Marruecos
835,31/3/2020,Medellín,Antioquia,Casa,56,F,Relacionado,Colombia
836,31/3/2020,Medellín,Antioquia,Hospital UCI,67,M,En estudio,Colombia
837,31/3/2020,Chía,Cundinamarca,Casa,57,M,Importado,México
838,31/3/2020,Cota,Cundinamarca,Casa,19,M,Importado,Puerto Rico
839,31/3/2020,Cota,Cundinamarca,Casa,50,F,Importado,Puerto Rico
840,31/3/2020,Cota,Cundinamarca,Casa,57,M,Importado,Puerto Rico
841,31/3/2020,Cota,Cundinamarca,Casa,42,F,Importado,Puerto Rico
842,31/3/2020,Chía,Cundinamarca,Casa,25,F,En estudio,Colombia
843,31/3/2020,Cota,Cundinamarca,Casa,50,F,Relacionado,Colombia
844,31/3/2020,Zipaquirá,Cundinamarca,Fallecido,81,F,En estudio,Colombia
845,31/3/2020,Chía,Cundinamarca,Casa,47,F,Importado,México
846,31/3/2020,Villavicencio,Meta,Casa,31,F,Importado,Estados Unidos
847,31/3/2020,Villavicencio,Meta,Casa,29,F,Importado,Estados Unidos
848,31/3/2020,Villavicencio,Meta,Casa,29,F,Importado,Estados Unidos
849,31/3/2020,Cúcuta,Norte de Santander,Hospital,42,M,En estudio,Colombia
850,31/3/2020,Puerto Santander,Norte de Santander,Casa,26,M,En estudio,Colombia
851,31/3/2020,Cúcuta,Norte de Santander,Casa,50,F,Importado,Canadá
852,31/3/2020,Bucaramanga,Santander,Casa,25,M,Importado,México
853,31/3/2020,Bucaramanga,Santander,Casa,34,M,Importado,Estados Unidos
854,31/3/2020,Floridablanca,Santander,Casa,57,M,Importado,Estados Unidos
855,31/3/2020,Neiva,Huila,Casa,36,M,Relacionado,Colombia
856,31/3/2020,Neiva,Huila,Casa,33,F,Relacionado,Colombia
857,31/3/2020,Neiva,Huila,Casa,61,F,Relacionado,Colombia
858,31/3/2020,Pereira,Risaralda,Casa,18,F,Relacionado,Colombia
859,31/3/2020,Pereira,Risaralda,Casa,9,M,Importado,España
860,31/3/2020,Pereira,Risaralda,Casa,30,F,Importado,España
861,31/3/2020,Pereira,Risaralda,Hospital,32,F,En estudio,Colombia
862,31/3/2020,Pereira,Risaralda,Casa,32,M,Importado,España
863,31/3/2020,Pereira,Risaralda,Casa,22,F,Importado,Estados Unidos
864,31/3/2020,Tunja,Boyacá,Hospital UCI,84,M,En estudio,Colombia
865,31/3/2020,Toguí,Boyacá,Casa,70,F,En estudio,Colombia
866,31/3/2020,Bogotá,Bogotá D.C.,Casa,49,M,Relacionado,Colombia
867,31/3/2020,Bogotá,Bogotá D.C.,Casa,28,M,Relacionado,Colombia
868,31/3/2020,Bogotá,Bogotá D.C.,Hospital,33,M,Relacionado,Colombia
869,31/3/2020,Bogotá,Bogotá D.C.,Casa,69,M,Relacionado,Colombia
870,31/3/2020,Bogotá,Bogotá D.C.,Casa,2,F,Relacionado,Colombia
871,31/3/2020,Bogotá,Bogotá D.C.,Casa,39,F,Relacionado,Colombia
872,31/3/2020,Bogotá,Bogotá D.C.,Casa,50,M,Importado,Ecuador
873,31/3/2020,Bogotá,Bogotá D.C.,Casa,15,F,Importado,Estados Unidos
874,31/3/2020,Bogotá,Bogotá D.C.,Casa,30,M,Importado,Estados Unidos
875,31/3/2020,Bogotá,Bogotá D.C.,Casa,27,M,Relacionado,Colombia
876,31/3/2020,Bogotá,Bogotá D.C.,Hospital UCI,32,M,Relacionado,Colombia
877,31/3/2020,Bogotá,Bogotá D.C.,Casa,58,F,Importado,Turquía
878,31/3/2020,Bogotá,Bogotá D.C.,Casa,56,F,Relacionado,Colombia
879,31/3/2020,Bogotá,Bogotá D.C.,Casa,13,M,Relacionado,Colombia
880,31/3/2020,Bogotá,Bogotá D.C.,Hospital UCI,66,F,Relacionado,Colombia
881,31/3/2020,Bogotá,Bogotá D.C.,Casa,45,M,Relacionado,Colombia
882,31/3/2020,Bogotá,Bogotá D.C.,Casa,40,F,Importado,México
883,31/3/2020,Bogotá,Bogotá D.C.,Casa,55,F,Relacionado,Colombia
884,31/3/2020,Bogotá,Bogotá D.C.,Casa,18,M,Importado,Inglaterra
885,31/3/2020,Bogotá,Bogotá D.C.,Casa,56,M,Relacionado,Colombia
886,31/3/2020,Bogotá,Bogotá D.C.,Casa,65,F,En estudio,Colombia
887,31/3/2020,Bogotá,Bogotá D.C.,Casa,36,M,Relacionado,Colombia
888,31/3/2020,Bogotá,Bogotá D.C.,Casa,35,M,En estudio,Colombia
889,31/3/2020,Bogotá,Bogotá D.C.,Casa,31,M,En estudio,Colombia
890,31/3/2020,Bogotá,Bogotá D.C.,Casa,49,M,En estudio,Colombia
891,31/3/2020,Bogotá,Bogotá D.C.,Casa,43,F,En estudio,Colombia
892,31/3/2020,Bogotá,Bogotá D.C.,Casa,28,F,En estudio,Colombia
893,31/3/2020,Bogotá,Bogotá D.C.,Casa,32,M,En estudio,Colombia
894,31/3/2020,Bogotá,Bogotá D.C.,Casa,41,M,En estudio,Colombia
895,31/3/2020,Bogotá,Bogotá D.C.,Casa,38,F,En estudio,Colombia
896,31/3/2020,Bogotá,Bogotá D.C.,Casa,18,M,En estudio,Colombia
897,31/3/2020,Bogotá,Bogotá D.C.,Casa,35,M,En estudio,Colombia
898,31/3/2020,Bogotá,Bogotá D.C.,Casa,31,F,En estudio,Colombia
899,31/3/2020,Bogotá,Bogotá D.C.,Casa,20,F,En estudio,Colombia
900,31/3/2020,Bogotá,Bogotá D.C.,Casa,2,M,En estudio,Colombia
901,31/3/2020,Bogotá,Bogotá D.C.,Casa,37,M,En estudio,Colombia
902,31/3/2020,Bogotá,Bogotá D.C.,Casa,29,F,En estudio,Colombia
903,31/3/2020,Bogotá,Bogotá D.C.,Casa,38,M,En estudio,Colombia
904,31/3/2020,Bogotá,Bogotá D.C.,Casa,54,F,En estudio,Colombia
905,31/3/2020,Bogotá,Bogotá D.C.,Casa,30,F,En estudio,Colombia
906,31/3/2020,Bogotá,Bogotá D.C.,Casa,44,F,En estudio,Colombia
907,1/4/2020,Montenegro,Quindío,Casa,9,F,Relacionado,Colombia
908,1/4/2020,Montenegro,Quindío,Casa,35,F,Relacionado,Colombia
909,1/4/2020,Medellín,Antioquia,Casa,51,F,Relacionado,Colombia
910,1/4/2020,Medellín,Antioquia,Casa,21,F,Importado,España
911,1/4/2020,Medellín,Antioquia,Hospital,29,M,Relacionado,Colombia
912,1/4/2020,Medellín,Antioquia,Casa,45,F,Relacionado,Colombia
913,1/4/2020,Envigado,Antioquia,Hospital,82,M,En estudio,Colombia
914,1/4/2020,Ibagué,Tolima,Casa,48,F,Importado,Estados Unidos
915,1/4/2020,Floridablanca,Santander,Casa,25,M,Relacionado,Colombia
916,1/4/2020,Barranquilla,Barranquilla D.E.,Casa,61,M,En estudio,Colombia
917,1/4/2020,Cumbal,Nariño,Casa,57,F,Importado,Ecuador
918,1/4/2020,Cumbal,Nariño,Casa,58,M,Importado,Ecuador
919,1/4/2020,Cartago,Valle del Cauca,Casa,16,F,Importado,Francia
920,1/4/2020,Cali,Valle del Cauca,Casa,41,M,En estudio,Colombia
921,1/4/2020,Ulloa,Valle del Cauca,Casa,58,M,Importado,Estados Unidos
922,1/4/2020,Yumbo,Valle del Cauca,Casa,68,F,Importado,España
923,1/4/2020,Santander de Quilichao,Cauca,Fallecido,19,F,En estudio,Colombia
924,1/4/2020,Cali,Valle del Cauca,Casa,16,F,En estudio,Colombia
925,1/4/2020,San Andrés,San Andrés,Casa,31,M,En estudio,Colombia
926,1/4/2020,Cota,Cundinamarca,Casa,26,F,Relacionado,Colombia
927,1/4/2020,Soacha,Cundinamarca,Casa,15,M,Relacionado,Colombia
928,1/4/2020,Funza,Cundinamarca,Casa,43,F,Relacionado,Colombia
929,1/4/2020,Zipaquirá,Cundinamarca,Hospital,39,M,En estudio,Colombia
930,1/4/2020,Cali,Valle del Cauca,Casa,35,M,Importado,México
931,1/4/2020,Cali,Valle del Cauca,Hospital,57,M,En estudio,Colombia
932,1/4/2020,Cali,Valle del Cauca,Casa,47,F,En estudio,Colombia
933,1/4/2020,Cali,Valle del Cauca,Casa,23,F,En estudio,Colombia
934,1/4/2020,Tulúa,Valle del Cauca,Casa,47,F,En estudio,Colombia
935,1/4/2020,Yumbo,Valle del Cauca,Casa,31,F,Relacionado,Colombia
936,1/4/2020,Yumbo,Valle del Cauca,Casa,4,M,Relacionado,Colombia
937,1/4/2020,CALI,Valle del Cauca,Casa,50,M,Importado,Estados Unidos
938,1/4/2020,Cali,Valle del Cauca,Casa,21,F,Importado,República Dominicana
939,1/4/2020,Cali,Valle del Cauca,Casa,42,F,Relacionado,Colombia
940,1/4/2020,Cali,Valle del Cauca,Casa,61,F,Importado,España - Turquia
941,1/4/2020,Neiva,Huila,Casa,26,F,Relacionado,Colombia
942,1/4/2020,Neiva,Huila,Casa,45,M,Relacionado,Colombia
943,1/4/2020,Neiva,Huila,Casa,39,F,Relacionado,Colombia
944,1/4/2020,Neiva,Huila,Casa,50,F,Relacionado,Colombia
945,1/4/2020,Neiva,Huila,Hospital UCI,47,M,En estudio,Colombia
946,1/4/2020,Neiva,Huila,Hospital,59,M,En estudio,Colombia
947,1/4/2020,Santa Marta,Santa Marta D.T. y C.,Hospital,43,F,En estudio,Colombia
948,1/4/2020,Santa Marta,Santa Marta D.T. y C.,Hospital,41,M,En estudio,Colombia
949,1/4/2020,Villavicencio,Meta,Casa,31,M,Importado,México
950,1/4/2020,Yopal,Casanare,Casa,26,M,En estudio,Colombia
951,1/4/2020,Valledupar,Cesar,Casa,36,M,Relacionado,Colombia
952,1/4/2020,Valledupar,Cesar,Hospital UCI,70,M,Relacionado,Colombia
953,1/4/2020,Valledupar,Cesar,Casa,33,M,Relacionado,Colombia
954,1/4/2020,Valledupar,Cesar,Casa,33,M,Relacionado,Colombia
955,1/4/2020,Valledupar,Cesar,Casa,27,M,Relacionado,Colombia
956,1/4/2020,Cali,Valle del Cauca,Casa,64,F,Importado,Aruba
957,1/4/2020,cali,Valle del Cauca,Casa,46,F,Relacionado,Colombia
958,1/4/2020,Yumbo,Valle del Cauca,Casa,19,F,Relacionado,Colombia
959,1/4/2020,Cali,Valle del Cauca,Casa,39,F,En estudio,Colombia
960,1/4/2020,Palmira,Valle del Cauca,Casa,12,M,Relacionado,Colombia
961,1/4/2020,Cali,Valle del Cauca,Hospital UCI,64,M,En estudio,Colombia
962,1/4/2020,Cali,Valle del Cauca,Casa,68,F,Importado,Suiza
963,1/4/2020,Cali,Valle del Cauca,Casa,36,M,En estudio,Colombia
964,1/4/2020,Cali,Valle del Cauca,Casa,45,M,Relacionado,Colombia
965,1/4/2020,Cali,Valle del Cauca,Casa,32,M,Importado,Estados Unidos
966,1/4/2020,Cali,Valle del Cauca,Casa,51,M,Importado,Aruba
967,1/4/2020,Cali,Valle del Cauca,Casa,44,F,Importado,México
968,1/4/2020,Cali,Valle del Cauca,Casa,46,M,Importado,Estados Unidos
969,1/4/2020,Cali,Valle del Cauca,Casa,39,F,Relacionado,Colombia
970,1/4/2020,Cali,Valle del Cauca,Casa,35,F,Importado,Estados Unidos
971,1/4/2020,Popayán,Cauca,Casa,33,M,Relacionado,Colombia
972,1/4/2020,Popayán,Cauca,Casa,32,F,Relacionado,Colombia
973,1/4/2020,Armenia,Quindío,Casa,37,M,Relacionado,Colombia
974,1/4/2020,Armenia,Quindío,Casa,58,F,Relacionado,Colombia
975,1/4/2020,Filandia,Quindío,Casa,22,M,Importado,Estados Unidos
976,1/4/2020,Ibagué,Tolima,Casa,55,F,Importado,Panamá - Jamaica
977,1/4/2020,Ibagué,Tolima,Casa,63,F,Importado,España
978,1/4/2020,Ibagué,Tolima,Hospital,26,F,Importado,Estados Unidos
979,1/4/2020,Ibagué,Tolima,Casa,31,M,Relacionado,Colombia
980,1/4/2020,Barranquilla,Barranquilla D.E.,Casa,57,M,Importado,Estados Unidos
981,1/4/2020,Circasia,Quindío,Casa,40,M,Importado,Estados Unidos
982,1/4/2020,Circasia,Quindío,Casa,41,F,Importado,Estados Unidos
983,1/4/2020,Bogotá,Bogotá D.C.,Hospital,63,M,En estudio,Colombia
984,1/4/2020,Bogotá,Bogotá D.C.,Casa,15,F,En estudio,Colombia
985,1/4/2020,Bogotá,Bogotá D.C.,Casa,39,F,En estudio,Colombia
986,1/4/2020,Bogotá,Bogotá D.C.,Casa,49,F,En estudio,Colombia
987,1/4/2020,Bogotá,Bogotá D.C.,Hospital UCI,73,M,En estudio,Colombia
988,1/4/2020,Bogotá,Bogotá D.C.,Hospital UCI,72,M,En estudio,Colombia
989,1/4/2020,Bogotá,Bogotá D.C.,Casa,35,M,En estudio,Colombia
990,1/4/2020,Bogotá,Bogotá D.C.,Hospital,50,M,En estudio,Colombia
991,1/4/2020,Bogotá,Bogotá D.C.,Casa,51,F,En estudio,Colombia
992,1/4/2020,Bogotá,Bogotá D.C.,Casa,54,M,En estudio,Colombia
993,1/4/2020,Bogotá,Bogotá D.C.,Casa,31,F,En estudio,Colombia
994,1/4/2020,Bogotá,Bogotá D.C.,Casa,32,M,En estudio,Colombia
995,1/4/2020,Bogotá,Bogotá D.C.,Casa,23,F,En estudio,Colombia
996,1/4/2020,Bogotá,Bogotá D.C.,Casa,30,F,En estudio,Colombia
997,1/4/2020,Bogotá,Bogotá D.C.,Casa,44,F,En estudio,Colombia
998,1/4/2020,Bogotá,Bogotá D.C.,Casa,17,F,En estudio,Colombia
999,1/4/2020,Bogotá,Bogotá D.C.,Casa,39,F,En estudio,Colombia
1000,1/4/2020,Bogotá,Bogotá D.C.,Casa,30,F,En estudio,Colombia
1001,1/4/2020,Bogotá,Bogotá D.C.,Casa,56,M,En estudio,Colombia
1002,1/4/2020,Bogotá,Bogotá D.C.,Casa,24,M,En estudio,Colombia
1003,1/4/2020,Bogotá,Bogotá D.C.,Casa,54,M,En estudio,Colombia
1004,1/4/2020,Bogotá,Bogotá D.C.,Casa,29,M,En estudio,Colombia
1005,1/4/2020,Bogotá,Bogotá D.C.,Casa,26,F,En estudio,Colombia
1006,1/4/2020,Bogotá,Bogotá D.C.,Casa,32,F,En estudio,Colombia
1007,1/4/2020,Bogotá,Bogotá D.C.,Casa,66,F,En estudio,Colombia
1008,1/4/2020,Bogotá,Bogotá D.C.,Casa,54,F,En estudio,Colombia
1009,1/4/2020,Bogotá,Bogotá D.C.,Casa,56,F,En estudio,Colombia
1010,1/4/2020,Bogotá,Bogotá D.C.,Casa,42,F,En estudio,Colombia
1011,1/4/2020,Bogotá,Bogotá D.C.,Casa,23,M,En estudio,Colombia
1012,1/4/2020,Bogotá,Bogotá D.C.,Casa,24,M,En estudio,Colombia
1013,1/4/2020,Bogotá,Bogotá D.C.,Casa,12,M,En estudio,Colombia
1014,1/4/2020,Bogotá,Bogotá D.C.,Casa,64,F,En estudio,Colombia
1015,1/4/2020,Bogotá,Bogotá D.C.,Casa,29,F,Relacionado,Colombia
1016,1/4/2020,Bogotá,Bogotá D.C.,Casa,32,M,Relacionado,Colombia
1017,1/4/2020,Bogotá,Bogotá D.C.,Casa,21,F,En estudio,Colombia
1018,1/4/2020,Bogotá,Bogotá D.C.,Casa,22,F,Relacionado,Colombia
1019,1/4/2020,Bogotá,Bogotá D.C.,Hospital,58,F,En estudio,Colombia
1020,1/4/2020,Bogotá,Bogotá D.C.,Hospital,53,F,En estudio,Colombia
1021,1/4/2020,Bogotá,Bogotá D.C.,Casa,56,F,Relacionado,Colombia
1022,1/4/2020,Bogotá,Bogotá D.C.,Casa,56,M,Relacionado,Colombia
1023,1/4/2020,Bogotá,Bogotá D.C.,Casa,41,M,Relacionado,Colombia
1024,1/4/2020,Bogotá,Bogotá D.C.,Casa,31,F,Relacionado,Colombia
1025,1/4/2020,Bogotá,Bogotá D.C.,Casa,31,M,Relacionado,Colombia
1026,1/4/2020,Bogotá,Bogotá D.C.,Casa,40,F,En estudio,Colombia
1027,1/4/2020,Bogotá,Bogotá D.C.,Casa,27,F,Relacionado,Colombia
1028,1/4/2020,Bogotá,Bogotá D.C.,Casa,39,F,Relacionado,Colombia
1029,1/4/2020,Bogotá,Bogotá D.C.,Casa,26,M,Relacionado,Colombia
1030,1/4/2020,Bogotá,Bogotá D.C.,Hospital,39,M,Importado,Estados Unidos
1031,1/4/2020,Bogotá,Bogotá D.C.,Hospital,59,F,En estudio,Colombia
1032,1/4/2020,Bogotá,Bogotá D.C.,Hospital,71,F,En estudio,Colombia
1033,1/4/2020,Bogotá,Bogotá D.C.,Hospital,44,F,En estudio,Colombia
1034,1/4/2020,Bogotá,Bogotá D.C.,Casa,24,F,Relacionado,Colombia
1035,1/4/2020,Bogotá,Bogotá D.C.,Casa,2,F,En estudio,Colombia
1036,1/4/2020,Bogotá,Bogotá D.C.,Casa,20,M,En estudio,Colombia
1037,1/4/2020,Bogotá,Bogotá D.C.,Casa,31,M,Importado,Francia
1038,1/4/2020,Bogotá,Bogotá D.C.,Casa,40,M,Importado,México
1039,1/4/2020,Bogotá,Bogotá D.C.,Casa,34,F,Importado,Francia
1040,1/4/2020,Bogotá,Bogotá D.C.,Hospital,70,M,Importado,Estados Unidos
1041,1/4/2020,Bogotá,Bogotá D.C.,Hospital,74,F,Relacionado,Colombia
1042,1/4/2020,Bogotá,Bogotá D.C.,Casa,30,M,Importado,Brasil
1043,1/4/2020,Bogotá,Bogotá D.C.,Casa,23,M,En estudio,Colombia
1044,1/4/2020,Bogotá,Bogotá D.C.,Casa,31,F,Relacionado,Colombia
1045,1/4/2020,Bogotá,Bogotá D.C.,Casa,26,F,En estudio,Colombia
1046,1/4/2020,Bogotá,Bogotá D.C.,Casa,38,M,Relacionado,Colombia
1047,1/4/2020,Bogotá,Bogotá D.C.,Casa,49,M,Importado,Turquía
1048,1/4/2020,Bogotá,Bogotá D.C.,Casa,36,F,Importado,Turquía
1049,1/4/2020,Bogotá,Bogotá D.C.,Casa,27,F,En estudio,Colombia
1050,1/4/2020,Bogotá,Bogotá D.C.,Casa,26,M,Importado,España
1051,1/4/2020,Bogotá,Bogotá D.C.,Casa,75,M,Relacionado,Colombia
1052,1/4/2020,Bogotá,Bogotá D.C.,Hospital,79,F,Relacionado,Colombia
1053,1/4/2020,Bogotá,Bogotá D.C.,Casa,33,F,Relacionado,Colombia
1054,1/4/2020,Bogotá,Bogotá D.C.,Casa,38,F,Importado,España
1055,1/4/2020,Bogotá,Bogotá D.C.,Casa,61,F,Importado,Israel Egipto
1056,1/4/2020,Bogotá,Bogotá D.C.,Casa,25,F,Importado,Estados Unidos
1057,1/4/2020,Bogotá,Bogotá D.C.,Hospital,38,F,En estudio,Colombia
1058,1/4/2020,Bogotá,Bogotá D.C.,Casa,39,F,Relacionado,Colombia
1059,1/4/2020,Bogotá,Bogotá D.C.,Casa,45,F,Relacionado,Colombia
1060,1/4/2020,Bogotá,Bogotá D.C.,Casa,47,M,Relacionado,Colombia
1061,1/4/2020,Bogotá,Bogotá D.C.,Hospital,47,F,En estudio,Colombia
1062,1/4/2020,Bogotá,Bogotá D.C.,Hospital,60,F,En estudio,Colombia
1063,1/4/2020,Bogotá,Bogotá D.C.,Casa,33,F,Relacionado,Colombia
1064,1/4/2020,Bogotá,Bogotá D.C.,Hospital UCI,33,M,En estudio,Colombia
1065,1/4/2020,Santa Rosa de Osos,Antioquia,Casa,32,F,Importado,Panamá
1066,2/4/2020,Rionegro,Antioquia,Hospital,40,F,Importado,Estados Unidos
1067,2/4/2020,Envigado,Antioquia,Hospital,51,F,Importado,Panamá
1068,2/4/2020,Medellín,Antioquia,Casa,43,M,Relacionado,Colombia
1069,2/4/2020,Medellín,Antioquia,Casa,63,F,Importado,España
1070,2/4/2020,Medellín,Antioquia,Casa,52,F,Importado,Turquía
1071,2/4/2020,Medellín,Antioquia,Casa,41,F,En estudio,Colombia
1072,2/4/2020,Medellín,Antioquia,Casa,51,M,Importado,Estados Unidos
1073,2/4/2020,Medellín,Antioquia,Casa,37,F,Importado,Turquía
1074,2/4/2020,Rionegro,Antioquia,Casa,39,F,Importado,Estados Unidos
1075,2/4/2020,Itagüí,Antioquia,Casa,68,M,Importado,Estados Unidos
1076,2/4/2020,Medellín,Antioquia,Casa,30,F,Relacionado,Colombia
1077,2/4/2020,Medellín,Antioquia,Casa,38,F,Importado,0
1078,2/4/2020,Bogotá,Bogotá D.C.,Fallecido,33,M,En estudio,Colombia
1079,2/4/2020,Anserma,Caldas,Casa,40,F,Importado,España
1080,2/4/2020,Cali,Valle del Cauca,Hospital,57,F,En estudio,Colombia
1081,2/4/2020,Cali,Valle del Cauca,Hospital,50,M,En estudio,Colombia
1082,2/4/2020,Palmira,Valle del Cauca,Casa,44,F,Importado,Estados Unidos
1083,2/4/2020,Cúcuta,Norte de Santander,Casa,46,M,Importado,España
1084,2/4/2020,Cúcuta,Norte de Santander,Casa,42,M,Importado,Perú
1085,2/4/2020,Medellín,Antioquia,Casa,70,F,En estudio,Colombia
1086,2/4/2020,Medellín,Antioquia,Casa,30,F,En estudio,España
1087,2/4/2020,Medellín,Antioquia,Casa,26,M,Importado,México
1088,2/4/2020,Medellín,Antioquia,Casa,30,F,En estudio,Colombia
1089,2/4/2020,Don Matías,Antioquia,Casa,50,M,Importado,Estados Unidos
1090,2/4/2020,Medellín,Antioquia,Casa,78,M,En estudio,Colombia
1091,2/4/2020,Bello,Antioquia,Casa,37,M,Importado,España - Francia
1092,2/4/2020,Medellín,Antioquia,Casa,22,F,Relacionado,Colombia
1093,2/4/2020,Bogotá,Bogotá D.C.,Casa,55,M,Importado,Perú
1094,2/4/2020,Bogotá,Bogotá D.C.,Casa,41,F,En estudio,Colombia
1095,2/4/2020,Bogotá,Bogotá D.C.,Hospital,60,M,En estudio,Colombia
1096,2/4/2020,Bogotá,Bogotá D.C.,Hospital UCI,59,M,Relacionado,Colombia
1097,2/4/2020,Bogotá,Bogotá D.C.,Casa,60,F,Importado,España
1098,2/4/2020,Bogotá,Bogotá D.C.,Casa,23,M,En estudio,Colombia
1099,2/4/2020,Bogotá,Bogotá D.C.,Casa,35,M,Importado,Turquía
1100,2/4/2020,Bogotá,Bogotá D.C.,Casa,59,F,Importado,Estados Unidos
1101,2/4/2020,Bogotá,Bogotá D.C.,Casa,36,M,En estudio,Colombia
1102,2/4/2020,Bogotá,Bogotá D.C.,Casa,66,F,En estudio,Colombia
1103,2/4/2020,Bogotá,Bogotá D.C.,Casa,39,M,Importado,Francia
1104,2/4/2020,Bogotá,Bogotá D.C.,Casa,62,M,Importado,España
1105,2/4/2020,Bogotá,Bogotá D.C.,Casa,30,F,En estudio,Colombia
1106,2/4/2020,Bogotá,Bogotá D.C.,Casa,71,M,Importado,Estados Unidos
1107,2/4/2020,Bogotá,Bogotá D.C.,Casa,66,F,Importado,Estados Unidos
1108,2/4/2020,Bogotá,Bogotá D.C.,Hospital,60,F,En estudio,Colombia
1109,2/4/2020,Bogotá,Bogotá D.C.,Casa,57,M,Importado,Brasil
1110,2/4/2020,Bogotá,Bogotá D.C.,Casa,21,F,En estudio,Colombia
1111,2/4/2020,Bogotá,Bogotá D.C.,Casa,24,M,En estudio,Colombia
1112,2/4/2020,Bogotá,Bogotá D.C.,Casa,29,M,Importado,Estados Unidos
1113,2/4/2020,Bogotá,Bogotá D.C.,Hospital,44,M,En estudio,Colombia
1114,2/4/2020,Bogotá,Bogotá D.C.,Casa,28,F,En estudio,Colombia
1115,2/4/2020,Bogotá,Bogotá D.C.,Casa,50,F,En estudio,Colombia
1116,2/4/2020,Bogotá,Bogotá D.C.,Casa,38,F,Importado,Brasil
1117,2/4/2020,Bogotá,Bogotá D.C.,Casa,39,F,En estudio,Colombia
1118,2/4/2020,Bogotá,Bogotá D.C.,Casa,52,F,En estudio,Colombia
1119,2/4/2020,Bogotá,Bogotá D.C.,Casa,74,F,En estudio,Colombia
1120,2/4/2020,Bogotá,Bogotá D.C.,Casa,50,M,Importado,Brasil
1121,2/4/2020,Bogotá,Bogotá D.C.,Casa,62,M,En estudio,Colombia
1122,2/4/2020,Bogotá,Bogotá D.C.,Casa,39,F,Importado,España
1123,2/4/2020,Bogotá,Bogotá D.C.,Casa,84,F,Relacionado,Colombia
1124,2/4/2020,Bogotá,Bogotá D.C.,Casa,55,F,Importado,Francia
1125,2/4/2020,Bogotá,Bogotá D.C.,Casa,59,F,Importado,Francia
1126,2/4/2020,Bogotá,Bogotá D.C.,Casa,5,F,En estudio,Colombia
1127,2/4/2020,Bogotá,Bogotá D.C.,Casa,25,M,Importado,España
1128,2/4/2020,Bogotá,Bogotá D.C.,Casa,47,F,Importado,México
1129,2/4/2020,Bogotá,Bogotá D.C.,Casa,60,M,En estudio,Colombia
1130,2/4/2020,Bogotá,Bogotá D.C.,Casa,37,F,En estudio,Colombia
1131,2/4/2020,Bogotá,Bogotá D.C.,Hospital,69,M,En estudio,Colombia
1132,2/4/2020,Bogotá,Bogotá D.C.,Hospital,67,F,En estudio,Colombia
1133,2/4/2020,Bogotá,Bogotá D.C.,Hospital,59,M,En estudio,Colombia
1134,2/4/2020,Bogotá,Bogotá D.C.,Casa,28,F,En estudio,Colombia
1135,2/4/2020,Bogotá,Bogotá D.C.,Casa,67,F,Importado,Estados Unidos
1136,2/4/2020,Bogotá,Bogotá D.C.,Casa,29,F,En estudio,Colombia
1137,2/4/2020,Bogotá,Bogotá D.C.,Casa,32,F,En estudio,Colombia
1138,2/4/2020,Bogotá,Bogotá D.C.,Hospital,40,M,Importado,Arabia
1139,2/4/2020,Bogotá,Bogotá D.C.,Casa,25,F,En estudio,Colombia
1140,2/4/2020,Bogotá,Bogotá D.C.,Casa,22,F,En estudio,Colombia
1141,2/4/2020,Bogotá,Bogotá D.C.,Hospital,69,M,En estudio,Colombia
1142,2/4/2020,Bogotá,Bogotá D.C.,Hospital,10,M,En estudio,Colombia
1143,2/4/2020,Bogotá,Bogotá D.C.,Casa,47,F,En estudio,Colombia
1144,2/4/2020,Bogotá,Bogotá D.C.,Casa,60,M,En estudio,Colombia
1145,2/4/2020,Bogotá,Bogotá D.C.,Casa,29,F,En estudio,Colombia
1146,2/4/2020,Bogotá,Bogotá D.C.,Casa,10,M,En estudio,Colombia
1147,2/4/2020,Bogotá,Bogotá D.C.,Casa,27,F,En estudio,Colombia
1148,2/4/2020,Bogotá,Bogotá D.C.,Casa,52,M,En estudio,Colombia
1149,2/4/2020,Bogotá,Bogotá D.C.,Casa,49,F,En estudio,Colombia
1150,2/4/2020,Bogotá,Bogotá D.C.,Hospital,50,M,En estudio,Colombia
1151,2/4/2020,Bogotá,Bogotá D.C.,Casa,47,F,En estudio,Colombia
1152,2/4/2020,Bogotá,Bogotá D.C.,Casa,34,F,Relacionado,Colombia
1153,2/4/2020,Bogotá,Bogotá D.C.,Casa,34,M,En estudio,Colombia
1154,2/4/2020,Bogotá,Bogotá D.C.,Casa,20,M,Importado,Estados Unidos
1155,2/4/2020,Bogotá,Bogotá D.C.,Casa,42,F,En estudio,Colombia
1156,2/4/2020,Bogotá,Bogotá D.C.,Casa,32,M,Importado,México
1157,2/4/2020,Bogotá,Bogotá D.C.,Casa,28,M,Importado,Estados Unidos
1158,2/4/2020,Bogotá,Bogotá D.C.,Casa,38,F,En estudio,Colombia
1159,2/4/2020,Bogotá,Bogotá D.C.,Casa,3,M,En estudio,Colombia
1160,2/4/2020,Bogotá,Bogotá D.C.,Casa,48,M,En estudio,Colombia
1161,2/4/2020,Bogotá,Bogotá D.C.,Casa,22,M,Importado,España
